vrebs_en,vreb_ar,words1,mean1,mean2,mean3,mean4,mean_ar_1,mean_ar_2,mean_ar_3,mean_ar_4,,id,stats
see,يرى,see,perceive with the eyes; comprehend visually,I saw a beautiful movie yesterday.,She sees the sunrise every morning.,We will see each other next week.,إدراك العيون. فهم بصري,رأيت فيلمًا جميلًا أمس.,ترى شروق الشمس كل صباح.,سنرى بعضنا البعض الأسبوع المقبل.,,1,0
need,يحتاج,need,require; lack; want,He needed help with his project.,The plant needs water regularly.,We will need more time to finish.,يتطلب؛ نقص؛ يريد,كان بحاجة إلى مساعدة في مشروعه.,يحتاج النبات إلى الماء بانتظام.,سنحتاج إلى مزيد من الوقت للإنهاء.,,2,0
decide,يقرر,decide,make a choice or come to a conclusion,They decided to go on a vacation.,She decides what to wear every day.,I will decide after thinking.,اتخاذ خيار أو توصل إلى نتيجة,قرروا الذهاب في إجازة.,هي تقرر ما ترتديه كل يوم.,سأقرر بعد التفكير.,,3,0
protect,يحمي,protect,keep safe from harm or danger,The armor protected the knight.,The security guard protects the building.,We will protect the environment.,ابق في مأمن من الأذى أو الخطر,درع حماية الفارس.,حارس الأمن يحمي المبنى.,سنحمي البيئة.,,4,0
require,يتطلب,require,need something because it is essential,This task required skill and precision.,The job requires attention to detail.,The project will require extra resources.,بحاجة إلى شيء لأنه ضروري,هذه المهمة تتطلب المهارة والدقة.,الوظيفة تتطلب الاهتمام بالتفاصيل.,سيتطلب المشروع موارد إضافية.,,5,0
write,يكتب,write,mark letters or words on paper or another surface,She wrote a beautiful poem.,He writes articles for the magazine.,They will write a report tomorrow.,علامة على الحروف أو الكلمات على الورق أو سطح آخر,كتبت قصيدة جميلة.,يكتب مقالات للمجلة.,سوف يكتبون تقريرًا غدًا.,,6,0
avoid,يتجنب,avoid,keep away from or stop oneself from doing something,I avoided the busy street.,He avoids eating fast food.,We will avoid making the same mistake.,ابتعد عن أو توقف عن فعل شيء ما,لقد تجنبت الشارع المزدحم.,يتجنب تناول الوجبات السريعة.,سوف نتجنب ارتكاب نفس الخطأ.,,7,0
prepare,يحضر,prepare,make something ready for use or consideration,She prepared a delicious meal.,They prepare for exams in advance.,We will prepare for the upcoming event.,اجعل شيئًا جاهزًا للاستخدام أو النظر,أعدت وجبة لذيذة.,يستعدون للامتحانات مقدما.,سنستعد للحدث القادم.,,8,0
build,يبني,build,construct by putting parts or material together,They built a new bridge.,We build houses with sustainable materials.,The company will build a new headquarters.,بناء عن طريق وضع أجزاء أو مواد معًا,بنوا جسر جديد.,نحن نبني المنازل مع مواد مستدامة.,ستقوم الشركة ببناء مقر جديد.,,9,0
achieve,يحقق,achieve,successfully bring about or reach a desired objective,She achieved her fitness goals.,He achieves high grades in school.,We will achieve success through hard work.,نجح في تحقيق الهدف المرغوب فيه أو الوصول إليه,حققت أهدافها اللياقة.,انه يحقق درجات عالية في المدرسة.,سنحقق النجاح من خلال العمل الجاد.,,10,0
believe,يعتقد,believe,"accept that something is true, especially without proof",I believed in his words.,She believes in the power of positivity.,We will believe in ourselves.,تقبل أن شيئًا ما صحيحًا ، خاصة بدون دليل,كنت أؤمن بكلماته.,إنها تؤمن بقوة الإيجابية.,سوف نؤمن بأنفسنا.,,11,0
receive,يستلم,receive,"be given, presented with, or paid (something)",He received a gift for his birthday.,The company receives feedback from customers.,We will receive the results next week.,يتم تقديمها أو تقديمها أو دفعها (شيء ما),تلقى هدية لعيد ميلاده.,تتلقى الشركة ملاحظات من العملاء.,سوف نتلقى النتائج الأسبوع المقبل.,,12,0
seem,يبدو,seem,give the impression or sensation of being something,It seemed like a dream.,She seems happy with her new job.,The situation will seem clearer soon.,أعط انطباعًا أو الإحساس بأنك شيء ما,بدا وكأنه حلم.,يبدو أنها سعيدة بوظيفة جديدة.,سيبدو الوضع أكثر وضوحًا قريبًا.,,13,0
discuss,يناقش,discuss,talk about (something) with another person or group,They discussed the plan.,We discuss current events regularly.,We will discuss the project tomorrow.,تحدث عن (شيء ما) مع شخص آخر أو مجموعة,ناقشوا الخطة.,نناقش الأحداث الحالية بانتظام.,سنناقش المشروع غدًا.,,14,0
realize,يدرك,realize,become fully aware of (something) as a fact,I realized my mistake.,She realizes the importance of time management.,We will realize our potential.,كن على دراية تامة بـ (شيء ما) كحقيقة,أدركت خطأي.,إنها تدرك أهمية إدارة الوقت.,سوف ندرك إمكاناتنا.,,15,0
Follow,يتبع,follow,go or come after (a person or thing proceeding ahead),He followed the leader.,They follow a strict schedule.,We will follow your advice.,اذهب أو تعال (شخص أو شيء يتقدم إلى الأمام),تابع القائد.,يتبعون جدولًا صارمًا.,سوف نتبع نصيحتك.,,16,0
solve,يحل,solve,"find an answer to, explanation for, or means of effectively dealing with (a problem or mystery)",They solved the puzzle.,He solves complex mathematical problems.,We will solve the issue together.,ابحث عن إجابة أو شرح أو وسائل للتعامل بفعالية (مشكلة أو لغز),قاموا بحل اللغز.,انه يحل المشاكل الرياضية المعقدة.,سوف نحل المشكلة معًا.,,17,0
discribe,افصل,describe,"give an account in words of (someone or something), including all the relevant characteristics, qualities, or events",She described the scene vividly.,We describe the process step by step.,They will describe their experience later.,أعط حسابًا بكلمات (شخص ما أو شيء ما) ، بما في ذلك جميع الخصائص أو الصفات أو الأحداث ذات الصلة,وصفت المشهد بوضوح.,وصفنا العملية خطوة بخطوة.,سوف يصفون تجربتهم لاحقًا.,,18,0
prefer,يفضل,prefer,like (one thing or person) better than another or others,I preferred tea over coffee.,She prefers to work in a quiet environment.,We will prefer the earlier time slot.,مثل (شيء أو شخص) أفضل من شيء آخر أو غيره,فضلت الشاي على القهوة.,إنها تفضل العمل في بيئة هادئة.,سوف نفضل فتحة الوقت في وقت مبكر.,,19,0
discover,يكتشف,discover,find (something or someone) unexpectedly or in the course of a search,They discovered a hidden treasure.,He discovers new facts through research.,We will discover new opportunities.,ابحث عن (شيء أو شخص ما) بشكل غير متوقع أو أثناء البحث,اكتشفوا كنز خفي.,يكتشف حقائق جديدة من خلال البحث.,سنكتشف فرصًا جديدة.,,20,0
invest,يستثمر,invest,"put (money) into financial schemes, shares, property, or a commercial venture with the expectation of achieving a profit",She invested in real estate.,They invest in renewable energy projects.,We will invest in the stock market.,ضع (أموال) في المخططات المالية أو الأسهم أو الممتلكات أو مشروع تجاري مع توقع تحقيق ربح,استثمرت في العقارات.,يستثمرون في مشاريع الطاقة المتجددة.,سوف نستثمر في سوق الأوراق المالية.,,21,0
enjoy,يتمتع,enjoy,take delight or pleasure in (an activity or occasion),I enjoyed the concert.,She enjoys reading novels.,We will enjoy the vacation.,خذ فرحة أو متعة (نشاط أو مناسبة),لقد استمتعت بالحفل.,إنها تستمتع بقراءة الروايات.,سوف نستمتع بالعطلة.,,22,0
reduce,يقلل,reduce,"make smaller or less in amount, degree, or size",We reduced our expenses.,They reduce waste through recycling.,We will reduce our carbon footprint.,جعل أصغر أو أقل في الكمية أو الشهادة أو الحجم,قمنا بتخفيض نفقاتنا.,أنها تقلل من النفايات من خلال إعادة التدوير.,سنقوم بتقليل بصمة الكربون لدينا.,,23,0
speak,يتكلم,speak,communicate by talking; have a conversation,He spoke eloquently.,She speaks several languages.,We will speak with the manager later.,التواصل عن طريق الحديث إجراء محادثة,تحدث ببلاغة.,تتحدث عدة لغات.,سوف نتحدث مع المدير لاحقًا.,,24,0
appear,يظهر,appear,"come into sight; become visible or noticeable, typically without visible agent or apparent cause",The sun appeared behind the clouds.,She appears confident in meetings.,They will appear on the show next week.,تأتي في الأفق؛ تصبح مرئية أو ملحوظة ، عادةً بدون وكيل مرئي أو سبب واضح,ظهرت الشمس خلف الغيوم.,تبدو واثقة في الاجتماعات.,سوف تظهر في العرض الأسبوع المقبل.,,25,0
explain,يشرح,explain,"make (an idea, situation, or problem) clear to someone",She explained the concept well.,He explains the process in the meeting.,We will explain the details later.,توضيح (فكرة أو موقف أو مشكلة) لشخص ما,شرحت المفهوم جيدا.,يشرح العملية في الاجتماع.,سنشرح التفاصيل لاحقًا.,,26,0
explore,يستكشف,explore,travel in or through (an unfamiliar country or area),They explored the ancient ruins.,He explores new technologies.,We plan to explore new destinations.,السفر في أو من خلال (بلد أو منطقة غير مألوفة),استكشفوا الأنقاض القديمة.,يستكشف تقنيات جديدة.,نخطط لاستكشاف وجهات جديدة.,,27,0
lose,يخسر,lose,be deprived of or cease to have or retain (something),I lost my keys yesterday.,He loses his wallet frequently.,Be careful not to lose your way.,كن محرومًا أو توقف عن الحصول على أو الاحتفاظ به (شيء ما),لقد فقدت مفاتيحي أمس.,يفقد محفظته بشكل متكرر.,احرص على ألا تفقد طريقك.,,28,0
agree,يوافق,agree,have the same opinion about something; concur,We agreed on the terms.,They agree on the importance of the issue.,We will agree on the plan tomorrow.,لديهم نفس الرأي حول شيء ما ؛ تتفق,اتفقنا على الشروط.,يتفقون على أهمية القضية.,سوف نتفق على الخطة غدا.,,29,0
forget,ينسى,forget,fail to remember (something),She forgot her appointment.,He forgets names easily.,Don't forget to call me later.,فشل في تذكر (شيء ما),لقد نسيت تعيينها.,ينسى الأسماء بسهولة.,لا تنس الاتصال بي لاحقًا.,,30,0
recommend,يوصي,recommend,suggest or endorse (someone or something) as worthy or suitable,She recommended a good book.,They recommend this restaurant.,We will recommend the solution.,اقترح أو يؤيد (شخص ما أو شيء ما) على أنه يستحق أو مناسب,أوصت بكتاب جيد.,يوصون هذا المطعم.,سوف نوصي الحل.,,31,0
rely,يعتمد,rely,depend on with full trust or confidence,We relied on his expertise.,The team relies on teamwork.,We will rely on your support.,تعتمد على الثقة الكاملة أو الثقة,اعتمدنا على خبرته.,يعتمد الفريق على العمل الجماعي.,سنعتمد على دعمكم.,,32,0
generate,يولد,generate,produce or create (something),The windmill generates electricity.,Solar panels generate clean energy.,We will generate a report by tomorrow.,إنتاج أو إنشاء (شيء ما),طاحونة الهواء يولد الكهرباء.,الألواح الشمسية تولد طاقة نظيفة.,سنقوم بإنشاء تقرير بحلول الغد.,,33,0
obtain,يحصل على,obtain,acquire or secure (something),They obtained the necessary permits.,He obtains information from reliable sources.,We will obtain approval next week.,اكتساب أو تأمين (شيء ما),لقد حصلوا على التصاريح اللازمة.,يحصل على معلومات من مصادر موثوقة.,سوف نحصل على موافقة الأسبوع المقبل.,,34,0
accept,يقبل,accept,agree to receive or undertake (something),She accepted the job offer.,They accept the terms and conditions.,We will accept your proposal.,توافق على تلقي أو تعهد (شيء ما),قبلت عرض العمل.,يقبلون الشروط والأحكام.,سوف نقبل اقتراحك.,,35,0
complain,يشتكي,complain,express dissatisfaction or annoyance about a state of affairs,He complained about the service.,She complains about the noise.,We will complain to the management.,التعبير عن عدم الرضا أو الإزعاج بشأن الحالة,اشتكى من الخدمة.,إنها تشكو من الضوضاء.,سوف نشكو إلى الإدارة.,,36,0
enter,يدخل,enter,come or go into (a place),They entered the building.,He enters the room quietly.,We will enter the competition.,تعال أو اذهب إلى (مكان),دخلوا المبنى.,يدخل الغرفة بهدوء.,سندخل المنافسة.,,37,0
happen,يحدث,happen,take place; occur,It happened unexpectedly.,Accidents happen without warning.,What will happen in the future is uncertain.,تجري؛ يحدث,لقد حدث بشكل غير متوقع.,تحدث الحوادث دون سابق إنذار.,ماذا سيحدث في المستقبل غير مؤكد.,,38,0
suggest,يقترح,suggest,put forward for consideration,She suggested a new idea.,They suggest improvements.,We will suggest alternatives.,تم طرحه للنظر فيه,اقترحت فكرة جديدة.,يقترحون تحسينات.,سوف نقترح بدائل.,,39,0
survive,ينجو,survive,"continue to live or exist, especially in spite of danger or hardship",They survived the earthquake.,He survives in harsh conditions.,We will survive this challenge.,استمر في العيش أو الوجود ، خاصة على الرغم من الخطر أو المشقة,لقد نجوا من الزلزال.,انه على قيد الحياة في ظروف قاسية.,سنبقى على قيد الحياة هذا التحدي.,,40,0
appreciate,يُقَدِّر,appreciate,recognize the full worth of; be grateful for,She appreciated the gesture.,He appreciates art and culture.,We will appreciate your assistance.,التعرف على القيمة الكاملة ؛ كن ممتنا ل,لقد قدرت الإيماءة.,انه يقدر الفن والثقافة.,سنقدر مساعدتك.,,41,0
hear,يسمع,hear,perceive with the ear; listen to,He heard a strange noise.,She hears music playing.,We will hear your side of the story.,إدراك الأذن ؛ استمع إلى,سمع ضوضاء غريبة.,تسمع الموسيقى.,سوف نسمع جانبك من القصة.,,42,0
reduce,يقلل,reduce,"make smaller or less in amount, degree, or size",They reduced their expenses.,We reduce waste through recycling.,We will reduce our carbon footprint.,جعل أصغر أو أقل في الكمية أو الشهادة أو الحجم,لقد قللوا من نفقاتهم.,نحن نقلل النفايات من خلال إعادة التدوير.,سنقوم بتقليل بصمة الكربون لدينا.,,43,0
speak,يتكلم,speak,talk or converse,She spoke eloquently.,He speaks multiple languages.,We will speak with the manager later.,تحدث أو يتحدث,تحدثت ببلاغة.,يتحدث لغات متعددة.,سوف نتحدث مع المدير لاحقًا.,,44,0
appear,يظهر,appear,"come into sight; become visible or noticeable, typically without visible agent or apparent cause",The sun appeared from behind the clouds.,She appears confident in meetings.,They will appear on the show next week.,تأتي في الأفق؛ تصبح مرئية أو ملحوظة ، عادةً بدون وكيل مرئي أو سبب واضح,ظهرت الشمس من وراء الغيوم.,تبدو واثقة في الاجتماعات.,سوف تظهر في العرض الأسبوع المقبل.,,45,0
axplain,Axplain,axplain,clarify or make clear,He explained the situation.,She explains the rules.,We will explain the process to everyone.,توضيح أو توضح,شرح الوضع.,تشرح القواعد.,سنشرح العملية للجميع.,,46,0
explore,يستكشف,axplore,investigate or travel in (a region) for the purpose of discovery,They explored the uncharted territory.,She explores new opportunities.,We plan to explore new markets.,التحقيق أو السفر في (منطقة) لغرض الاكتشاف,استكشفوا الأراضي المجهولة.,إنها تستكشف فرصًا جديدة.,نخطط لاستكشاف أسواق جديدة.,,47,0
lose,يخسر,lose (repeated),be deprived of or cease to have or retain (something),She lost her way in the forest.,He loses his keys often.,Don't lose your ticket.,كن محرومًا أو توقف عن الحصول على أو الاحتفاظ به (شيء ما),فقدت طريقها في الغابة.,يفقد مفاتيحه في كثير من الأحيان.,لا تفقد تذكرتك.,,48,0
agree,يوافق,agree,have the same opinion about something; concur,We agreed on the plan.,They agree on the proposed solution.,We will agree on the terms later.,لديهم نفس الرأي حول شيء ما ؛ تتفق,اتفقنا على الخطة.,يتفقون على الحل المقترح.,سوف نتفق على الشروط لاحقًا.,,49,0
forget,ينسى,forget,fail to remember (something),She forgot her keys at home.,He forgets names easily.,Don't forget to call me tomorrow.,فشل في تذكر (شيء ما),لقد نسيت مفاتيحها في المنزل.,ينسى الأسماء بسهولة.,لا تنس الاتصال بي غدا.,,50,0
recommend,يوصي,recommend,suggest or endorse (someone or something) as worthy or suitable,She recommended a good book.,They recommend this product.,We will recommend a reliable service.,اقترح أو يؤيد (شخص ما أو شيء ما) على أنه يستحق أو مناسب,أوصت بكتاب جيد.,يوصون هذا المنتج.,سوف نوصي بخدمة موثوقة.,,51,0
rely,يعتمد,rely,depend on with full trust or confidence,We relied on his expertise.,The team relies on teamwork.,We will rely on your guidance.,تعتمد على الثقة الكاملة أو الثقة,اعتمدنا على خبرته.,يعتمد الفريق على العمل الجماعي.,سنعتمد على إرشادك.,,52,0
generate,يولد,generate,produce or create (something),The windmill generated electricity.,Solar panels generate clean energy.,We will generate a report by next week.,إنتاج أو إنشاء (شيء ما),ولدت طاحونة الهواء الكهربائية.,الألواح الشمسية تولد طاقة نظيفة.,سنقوم بإنشاء تقرير بحلول الأسبوع المقبل.,,53,0
obtain,يحصل على,obtain,acquire or secure (something),They obtained the necessary permits.,He obtains information from reliable sources.,We will obtain approval soon.,اكتساب أو تأمين (شيء ما),لقد حصلوا على التصاريح اللازمة.,يحصل على معلومات من مصادر موثوقة.,سوف نحصل على الموافقة قريبا.,,54,0
eccept,Eccept,accept,agree to receive or undertake (something),She accepted the challenge.,They accept the terms and conditions.,We will accept your proposal.,توافق على تلقي أو تعهد (شيء ما),قبلت التحدي.,يقبلون الشروط والأحكام.,سوف نقبل اقتراحك.,,55,0
complain,يشتكي,complain,express dissatisfaction or annoyance about a state of affairs,He complained about the service.,She complains about the noise.,We will complain to the management.,التعبير عن عدم الرضا أو الإزعاج بشأن الحالة,اشتكى من الخدمة.,إنها تشكو من الضوضاء.,سوف نشكو إلى الإدارة.,,56,0
enter,يدخل,enter,come or go into (a place),They entered the building.,He enters the room quietly.,We will enter the competition next month.,تعال أو اذهب إلى (مكان),دخلوا المبنى.,يدخل الغرفة بهدوء.,سندخل المسابقة الشهر المقبل.,,57,0
happen,يحدث,happen,take place; occur,It happened unexpectedly.,Accidents happen without warning.,What will happen in the future is uncertain.,تجري؛ يحدث,لقد حدث بشكل غير متوقع.,تحدث الحوادث دون سابق إنذار.,ماذا سيحدث في المستقبل غير مؤكد.,,58,0
suggest,يقترح,suggest,put forward for consideration,She suggested a new idea.,They suggest improvements.,We will suggest alternatives.,تم طرحه للنظر فيه,اقترحت فكرة جديدة.,يقترحون تحسينات.,سوف نقترح بدائل.,,59,0
survive,ينجو,survive,"continue to live or exist, especially in spite of danger or hardship",They survived the ordeal.,He survives in challenging conditions.,We will survive this difficult period.,استمر في العيش أو الوجود ، خاصة على الرغم من الخطر أو المشقة,لقد نجوا من المحنة.,انه البقاء في ظروف صعبة.,سوف نبقى على قيد الحياة في هذه الفترة الصعبة.,,60,0
appreciate,يُقَدِّر,appreciate,recognize the full worth of; be grateful for,She appreciated the support.,He appreciates acts of kindness.,We will appreciate your efforts.,التعرف على القيمة الكاملة ؛ كن ممتنا ل,لقد قدرت الدعم.,انه يقدر أعمال اللطف.,سنقدر جهودك.,,61,0
hear,يسمع,hear,perceive with the ear; listen to,He heard a strange noise.,She hears music playing.,We will hear your side of the story.,إدراك الأذن ؛ استمع إلى,سمع ضوضاء غريبة.,تسمع الموسيقى.,سوف نسمع جانبك من القصة.,,62,0
compare,يقارن,compare,"estimate, measure, or note the similarity or dissimilarity between",They compared prices.,She compares different options.,We will compare the results later.,تقدير أو قياس أو لاحظ التشابه أو الاختلاف بين,وقارنوا الأسعار.,إنها تقارن الخيارات المختلفة.,سنقارن النتائج لاحقًا.,,63,0
imagine,يتصور,imagine,form a mental image or concept of,He imagined a fantastic journey.,She imagines a better future.,We will imagine new possibilities.,تشكل صورة عقلية أو مفهوم,تخيل رحلة رائعة.,إنها تتخيل مستقبل أفضل.,سوف نتخيل إمكانيات جديدة.,,64,0
manage,يدير,manage,be in charge of; control or administer,She managed the project well.,He manages a team of professionals.,We will manage the event efficiently.,كن مسؤولاً عن ؛ السيطرة أو الإدارة,تمكنت من إدارة المشروع بشكل جيد.,يدير فريق من المهنيين.,سنقوم بإدارة الحدث بكفاءة.,,65,0
differ,اختلف,differ,"be unlike or distinct in nature, form, or characteristics",Their opinions differed.,These two products differ in quality.,We will differ in our approach.,كن مختلفًا أو متميزًا في الطبيعة أو الشكل أو الخصائص,تختلف آرائهم.,هذان المنتجان يختلفان في الجودة.,سوف نختلف في نهجنا.,,66,0
encourage,يشجع,encourage,"give support, confidence, or hope to",She encouraged her students.,They encourage creativity in the workplace.,We will encourage innovation.,قدم الدعم أو الثقة أو الأمل,شجعت طلابها.,أنها تشجع الإبداع في مكان العمل.,سوف نشجع الابتكار.,,67,0
prove,يثبت,prove,demonstrate the truth or existence of (something),The experiment proved the theory.,She proves her skills through hard work.,We will prove our capabilities.,إظهار حقيقة أو وجود (شيء ما),أثبتت التجربة النظرية.,إنها تثبت مهاراتها من خلال العمل الجاد.,سوف نثبت قدراتنا.,,68,0
react,تتفاعل,react,respond or behave in a particular way in response to something,They reacted positively.,He reacts calmly in stressful situations.,We will react promptly to the changes.,الرد أو التصرف بطريقة معينة استجابة لشيء ما,كان رد فعلهم بشكل إيجابي.,يتفاعل بهدوء في المواقف المجهدة.,سوف نتفاعل على الفور مع التغييرات.,,69,0
recognize,يتعرف على,recognize,identify from having encountered or known before,She recognized the familiar face.,They recognize the importance of teamwork.,We will recognize your contributions.,حدد من خلال مواجهته أو معرفته من قبل,لقد أدركت الوجه المألوف.,إنهم يدركون أهمية العمل الجماعي.,سوف نتعرف على مساهماتك.,,70,0
relax,يستريح,relax,make or become less tense or anxious,He relaxed after a long day.,She relaxes by reading a book.,We will relax at the beach this weekend.,جعل أو تصبح أقل توترًا أو قلقًا,استرخ بعد يوم طويل.,ترتاح من خلال قراءة كتاب.,سوف نسترخي على الشاطئ في نهاية هذا الأسبوع.,,71,0
replace,يستبدل,replace,take the place of; substitute for,They replaced the old furniture.,He replaces the batteries regularly.,We will replace the broken part soon.,خذ محل بديلا ل,استبدلوا الأثاث القديم.,انه يحل محل البطاريات بانتظام.,سنحل محل الجزء المكسور قريبًا.,,72,0
borrow,يستعير,borrow,take and use (something belonging to someone else),She borrowed a book from the library.,They borrow tools from their neighbor.,We will borrow a tent for the camping trip.,خذ واستخدم (شيء ينتمي إلى شخص آخر),استعارت كتاب من المكتبة.,يقترضون أدوات من جارهم.,سوف نقترض خيمة لرحلة التخييم.,,73,0
enable,يُمكَِن,enable,give (someone) the authority or means to do something,The new technology enabled faster communication.,The software enables efficient data analysis.,We will enable new features in the next update.,امنح (شخص ما) السلطة أو الوسائل لفعل شيء ما,التكنولوجيا الجديدة مكنت التواصل بشكل أسرع.,يتيح البرنامج تحليل البيانات الفعال.,سنمكّن ميزات جديدة في التحديث التالي.,,74,0
reflect,يعكس,reflect,think deeply or carefully about,He reflected on his life choices.,She reflects on her goals regularly.,We will reflect on the lessons learned.,فكر بعمق أو بعناية,انعكس على خيارات حياته.,إنها تنعكس على أهدافها بانتظام.,سوف نفكر في الدروس المستفادة.,,75,0
sand,رمل,sand,smooth or polish with sandpaper or a mechanical sander,He sanded the wooden surface.,She sands the furniture before painting.,We will sand the walls before painting.,ناعم أو تلميع مع ورق الصنفرة أو صنفرة ميكانيكية,انه رمل السطح الخشبي.,انها رمل الأثاث قبل الطلاء.,سنرمل الجدران قبل الرسم.,,76,0
send,يرسل,send,cause to go or be taken to a particular destination,They sent a package to their friend.,He sends emails to clients every day.,We will send the invitations next week.,سبب للذهاب أو نقله إلى وجهة معينة,أرسلوا حزمة إلى صديقهم.,يرسل رسائل البريد الإلكتروني للعملاء كل يوم.,سنرسل الدعوات الأسبوع المقبل.,,77,0
anticipate,يتوقع,anticipate,regard as probable; expect or predict,She anticipated the upcoming challenges.,They anticipate growth in the market.,We will anticipate changes in the industry.,اعتبارًا محتملاً ؛ توقع أو توقع,توقعت التحديات القادمة.,انهم يتوقعون النمو في السوق.,سوف نتوقع التغييرات في الصناعة.,,78,0
install,ثَبَّتَ,install,place or fix (equipment or machinery) in position,They installed a new air conditioner.,He installs software on the computer.,We will install security cameras soon.,ضع أو إصلاح (معدات أو آلات) في الموقف,قاموا بتثبيت مكيف الهواء الجديد.,يقوم بتثبيت البرامج على الكمبيوتر.,سنقوم بتثبيت كاميرات الأمان قريبًا.,,79,0
participate,يشارك,participate,take part in an activity or event,She participated in the marathon.,They participate in team-building exercises.,We will participate in the conference.,شارك في نشاط أو حدث,شاركت في الماراثون.,يشاركون في تمارين بناء الفريق.,سوف نشارك في المؤتمر.,,80,0
antend,النسيج,attend,"be present at (an event, meeting, or function)",They attended the wedding.,He attends the weekly meetings regularly.,We will attend the concert next month.,كن حاضرًا في (حدث أو اجتماع أو وظيفة),حضروا حفل الزفاف.,انه يحضر الاجتماعات الأسبوعية بانتظام.,سنحضر الحفل الشهر المقبل.,,81,0
intend,ينوي,intend,have (a course of action) as one's purpose or objective,She intended to finish the project.,They intend to launch a new product.,We will intend to improve efficiency.,لديك (مسار العمل) كهدف أو هدف للمرء,كانت تنوي إنهاء المشروع.,يعتزمون إطلاق منتج جديد.,سوف نعتزم تحسين الكفاءة.,,82,0
introduce,يقدم,introduce,"bring (something, especially a product, measure, or concept) into use or operation for the first time",They introduced a new policy.,She introduces innovative ideas.,We will introduce a new feature soon.,جلب (شيء ، وخاصة المنتج أو القياس أو المفهوم) قيد الاستخدام أو التشغيل لأول مرة,قدموا سياسة جديدة.,إنها تقدم أفكارًا مبتكرة.,سنقدم ميزة جديدة قريبًا.,,83,0
earn,يكسب,earn,receive (money) in return for work or services,He earned a high salary.,She earns recognition for her achievements.,We will earn profits in the next quarter.,تلقي (المال) مقابل العمل أو الخدمات,حصل على راتب عال.,إنها تكسب التقدير لإنجازاتها.,سنكسب الأرباح في الربع القادم.,,84,0
attract,جذب,attract,"cause to come to a place or participate in a venture by offering something of interest, favorable conditions, or opportunities",They attracted a large audience.,He attracts clients with his expertise.,We will attract investors with our business plan.,سبب للوصول إلى مكان أو المشاركة في مشروع من خلال تقديم شيء يثير الاهتمام أو الشروط المواتية أو الفرص,لقد جذبت جمهورًا كبيرًا.,انه يجذب العملاء مع خبرته.,سنجذب المستثمرين مع خطة أعمالنا.,,85,0
distribute,نشر,distribute,give shares of (something); deal out; apportion,They distributed pamphlets.,She distributes resources efficiently.,We will distribute the prizes at the end.,إعطاء أسهم (شيء) ؛ توزيعات؛ يخصص,قاموا بتوزيع المنشورات.,انها توزع الموارد بكفاءة.,سنقوم بتوزيع الجوائز في النهاية.,,86,0
overcome,يغلب,overcome,succeed in dealing with (a problem or difficulty),He overcame his fear of public speaking.,She overcomes challenges with determination.,We will overcome obstacles together.,تنجح في التعامل مع (مشكلة أو صعوبة),تغلب على خوفه من التحدث أمام الجمهور.,إنها تتغلب على التحديات مع التصميم.,سوف نتغلب على العقبات معًا.,,87,0
owe,يدين,owe,have an obligation to pay or repay money,They owed a debt to the bank.,He owes his success to hard work.,We will owe gratitude to our mentors.,الالتزام بدفع أو سداد المال,كانوا مدينين للدين للبنك.,إنه مدين نجاحه للعمل الشاق.,سوف ندين بالامتنان لموجهيننا.,,88,0
succeed,ينجح,succeed,achieve the desired aim or result; be successful,She succeeded in her business venture.,They succeed in meeting deadlines.,We will succeed in reaching our goals.,تحقيق الهدف أو النتيجة المطلوبة ؛ كن ناجحا,نجحت في مشروعها التجاري.,ينجحون في مواجهة المواعيد النهائية.,سننجح في الوصول إلى أهدافنا.,,89,0
suffer,يعاني,suffer,experience or be subjected to (something bad or unpleasant),They suffered a loss in the stock market.,She suffers from allergies.,"We will suffer setbacks, but we'll overcome them.",خبرة أو تعرض (شيء سيء أو غير سار),لقد عانوا من خسارة في سوق الأوراق المالية.,انها تعاني من الحساسية.,سنعاني من النكسات ، لكننا سنتغلب عليها.,,90,0
throw,يرمي,throw,propel (something) with force through the air by a movement of the arm and hand,He threw the ball to his friend.,She throws a frisbee during lunch breaks.,We will throw a surprise party for her.,دفع (شيء) بقوة عبر الهواء بحركة الذراع واليد,ألقى الكرة على صديقه.,انها ترمي فريسبي خلال استراحات الغداء.,سنرمي حفلة مفاجئة لها.,,91,0
acquire,يكتسب,acquire,buy or obtain (an asset or object) for oneself,They acquired a new company.,He acquires rare books for his collection.,We will acquire the necessary skills.,شراء أو الحصول على (أصل أو كائن) لنفسه,اكتسبوا شركة جديدة.,يكتسب كتبًا نادرة لمجموعته.,سوف نكتسب المهارات اللازمة.,,92,0
argue,يجادل,argue,"give reasons or cite evidence in support of an idea, action, or theory, typically with the aim of persuading others to share one's view",They argued about the decision.,She argues for environmental conservation.,We will argue our case in court.,قدم أسبابًا أو استشهد بالأدلة لدعم فكرة أو عمل أو نظرية ، عادةً بهدف إقناع الآخرين بمشاركة وجهة نظر الفرد,جادلوا حول القرار.,وهي تجادل في الحفاظ على البيئة.,سنناقش قضيتنا في المحكمة.,,93,0
confirm,يتأكد,confirm,establish the truth or correctness of (something previously believed or suspected),He confirmed the reservation.,She confirms the meeting schedule every week.,We will confirm the details later.,حدد حقيقة أو صحة (شيء يعتقد سابقًا أو يشتبه فيه),أكد الحجز.,وهي تؤكد جدول الاجتماع كل أسبوع.,سوف نؤكد التفاصيل لاحقًا.,,94,0
encouraging,تشجيع,encourage,"give support, confidence, or hope to (someone)",She encouraged her students.,They encourage teamwork in the workplace.,We will encourage innovation in our team.,قدم الدعم أو الثقة أو الأمل في (شخص ما),شجعت طلابها.,أنها تشجع العمل الجماعي في مكان العمل.,سوف نشجع الابتكار في فريقنا.,,95,0
justify,يبرر,justify,show or prove to be right or reasonable,He justified his actions.,She justifies the expenses with a detailed report.,We will justify the decision in the report.,أظهر أو تثبت أنه محق أو معقول,برر أفعاله.,إنها تبرر النفقات بتقرير مفصل.,سوف نبرر القرار في التقرير.,,96,0
possess,يمتلك,possess,have as belonging to one; own,They possessed valuable artifacts.,He possesses a rare stamp collection.,We will possess the knowledge needed.,لديك ملك واحد. ملك,كانوا يمتلكون القطع الأثرية القيمة.,يمتلك مجموعة طوابع نادرة.,سوف نمتلك المعرفة اللازمة.,,97,0
shut,اغلق,shut,move (a door or container) so as to block access or prevent escape,She shut the window.,They shut the gate before leaving.,We will shut down the computer tonight.,تحرك (باب أو حاوية) حتى يمنع الوصول أو منع الهروب,أغلقت النافذة.,أغلقوا البوابة قبل مغادرتهم.,سوف نغلق الكمبيوتر الليلة.,,98,0
calculate,حساب,calculate,determine (the amount or number of something) mathematically,He calculated the total cost.,She calculates the monthly expenses.,We will calculate the budget for the project.,تحديد (مقدار أو عدد شيء ما) رياضيا,قام بحساب التكلفة الإجمالية.,انها تحسب النفقات الشهرية.,سنحسب ميزانية المشروع.,,99,0
compete,تنافس,compete,strive to gain or win something by defeating or establishing superiority over others,They competed in the race.,He competes in international chess tournaments.,We will compete in the upcoming competition.,نسعى للحصول على شيء أو الفوز به من خلال هزيمة أو تأسيس التفوق على الآخرين,تنافسوا في السباق.,يتنافس في بطولات الشطرنج الدولية.,سوف نتنافس في المنافسة القادمة.,,100,0
consult,شاور,consult,seek information or advice from (someone with expertise in a particular area),She consulted a doctor about the symptoms.,They consult the team before making decisions.,We will consult the experts for guidance.,ابحث عن المعلومات أو المشورة من (شخص لديه خبرة في منطقة معينة),استشرت الطبيب حول الأعراض.,يستشيرون الفريق قبل اتخاذ القرارات.,سوف نتشاور الخبراء للحصول على التوجيه.,,101,0
deliver,يسلم,deliver,"bring and hand over (a letter, parcel, or ordered goods) to the proper recipient or address",He delivered the package on time.,She delivers lectures on environmental issues.,We will deliver the report next week.,أحضر وتسليم (رسالة أو طرد أو سلع مرتبة) إلى المستلم أو العنوان المناسب,قام بتسليم الحزمة في الوقت المحدد.,وهي تقدم محاضرات حول القضايا البيئية.,سنقدم التقرير الأسبوع المقبل.,,102,0
qualify,تأهل,qualify,be entitled to a particular benefit or privilege by fulfilling a necessary condition or requirement,They qualified for the scholarship.,She qualifies for the advanced training program.,We will qualify for the finals.,يحق له الحصول على فائدة أو امتياز معين من خلال الوفاء بشرط أو شرط ضروري,لقد تأهلوا للمنحة الدراسية.,إنها مؤهلة لبرنامج التدريب المتقدم.,سوف نتأهل للنهائيات.,,103,0
organize,تنظم,organize,arrange systematically; order,They organized a charity event.,He organizes his schedule for the week.,We will organize a team-building activity.,ترتيب بشكل منهجي ؛ طلب,نظموا حدثًا خيريًا.,انه ينظم جدوله لهذا الأسبوع.,سنقوم بتنظيم نشاط بناء الفريق.,,104,0
weigh,وزن,weigh,find out how heavy (someone or something) is,He weighed the luggage.,She weighs ingredients for the recipe.,We will weigh the pros and cons.,اكتشف مدى ثقل (شخص ما أو شيء ما),كان يزن الأمتعة.,إنها تزن مكونات الوصفة.,سوف نزن إيجابيات وسلبيات.,,105,0
behave,تصرف,behave,act or conduct oneself in a specified way,They behaved well at the party.,She behaves professionally in the workplace.,We will behave respectfully in the meeting.,تصرف أو يتصرف بطريقة محددة,لقد تصرفوا بشكل جيد في الحفلة.,إنها تتصرف بشكل احترافي في مكان العمل.,سوف نتصرف باحترام في الاجتماع.,,106,0
celebrate,احتفل,celebrate,acknowledge (a significant or happy day or event) with a social gathering or enjoyable activity,They celebrated their anniversary.,He celebrates achievements with his team.,We will celebrate the success together.,الاعتراف (يوم أو حدث كبير أو سعيد) مع تجمع اجتماعي أو نشاط ممتع,احتفلوا بالذكرى السنوية.,يحتفل بالإنجازات مع فريقه.,سنحتفل بالنجاح معًا.,,107,0
convince,يقنع,convince,cause (someone) to believe firmly in the truth of something,She convinced him to join the project.,They convince clients with their expertise.,We will convince them of our proposal.,تسبب (شخص ما) أن يؤمن بحزم في حقيقة شيء ما,أقنعته بالانضمام إلى المشروع.,يقنعون العملاء بخبرتهم.,سنقنعهم باقتراحنا.,,108,0
disagree,تعارض,disagree,have or express a different opinion,They disagreed on the strategy.,She disagrees with the proposed changes.,We will likely disagree on some issues.,لديك أو تعبر عن رأي مختلف,لم يوافقوا على الاستراتيجية.,إنها لا توافق على التغييرات المقترحة.,من المحتمل أن نختلف على بعض القضايا.,,109,0
establish,يٌرسّخ,establish,"set up (an organization, system, or set of rules) on a firm or permanent basis",They established a new company.,He establishes guidelines for the team.,We will establish a partnership.,إعداد (منظمة أو نظام أو مجموعة من القواعد) على أساس ثابت أو دائم,أنشأوا شركة جديدة.,انه ينشئ إرشادات للفريق.,سوف ننشئ شراكة.,,110,0
ignore,يتجاهل,ignore,deliberately pay no attention to; disregard,She ignored the warning signs.,He ignores distractions while working.,We will ignore the negative comments.,أي اهتمام عمدا ؛ تجاهل,تجاهلت علامات التحذير.,يتجاهل الانحرافات أثناء العمل.,سوف نتجاهل التعليقات السلبية.,,111,0
insist,يصر,insist,"demand something forcefully, not accepting refusal",They insisted on their point of view.,She insists on following the schedule.,We will insist on fairness in the process.,اطلب شيئًا بقوة ، وليس قبول الرفض,أصروا على وجهة نظرهم.,هي تصر على اتباع الجدول الزمني.,سوف نصر على الإنصاف في هذه العملية.,,112,0
pursue,يتحرى,pursue,follow or chase (someone or something),He pursued a career in acting.,She pursues her passion for photography.,We will pursue new opportunities.,اتبع أو مطاردة (شخص ما أو شيء من هذا القبيل),تابع مهنة في التمثيل.,تتابع شغفها بالتصوير الفوتوغرافي.,سوف نتابع فرص جديدة.,,113,0
specify,حدد,specify,identify clearly and definitely,They specified the requirements.,He specifies the project details in writing.,We will specify the terms in the contract.,تحديد بوضوح وبالتأكيد,حددوا المتطلبات.,يحدد تفاصيل المشروع في الكتابة.,سنحدد الشروط في العقد.,,114,0
warn,تحذير,warn,"inform (someone) in advance of an impending or possible danger, problem, or other unpleasant situation",She warned him about the icy road.,They warn against using outdated software.,We will warn about potential risks.,أبلغ (شخص ما) مقدمًا أو مشكلة أو مشكلة أو مشكلة غير سارة وشيكة أو غيرها,وحذرته من الطريق الجليدي.,يحذرون من استخدام البرامج القديمة.,سوف نحذر من المخاطر المحتملة.,,115,0
admire,يُعجَب ب,admire,regard with respect or warm approval; look at with pleasure,He admired her artistic talent.,She admires the dedication of her colleagues.,We will admire the achievements of the team.,فيما يتعلق باحترام أو موافقة دافئة ؛ انظر بسرور,أعجب بموهبتها الفنية.,إنها معجب بتفاني زملائها.,سوف نعجب بإنجازات الفريق.,,116,0
admit,يعترف,admit,confess to be true or to be the case,She admitted her mistake.,He admits his limitations.,We will admit the need for improvement.,اعترف بأنه صحيح أو أن يكون كذلك,اعترفت خطأها.,انه يعترف حدوده.,سوف نعترف بالحاجة إلى التحسين.,,117,0
adopt,يتبنى,adopt,"take up or start to use or follow (an idea, method, or course of action)",They adopted a new approach.,She adopts a healthy lifestyle.,We will adopt a more efficient process.,خذ أو ابدأ في استخدام أو متابعة (فكرة أو طريقة أو مسار عمل),تبنوا نهجا جديدا.,انها تتبنى نمط حياة صحي.,سوف نعتمد عملية أكثر كفاءة.,,118,0
announce,يعلن,announce,"make a formal public statement about a fact, occurrence, or intention",They announced the new product.,He announces important updates regularly.,We will announce the winner soon.,أدلي ببيان علني رسمي حول حقيقة أو حدوث أو نية,أعلنوا المنتج الجديد.,يعلن عن تحديثات مهمة بانتظام.,سوف نعلن عن الفائز قريبا.,,119,0
apologize,يعتذر,apologize,express regret for something that one has done wrong,She apologized for the misunderstanding.,They apologize for the inconvenience.,We will apologize for any delays.,أعرب عن الأسف لشيء ارتكبه خطأ,اعتذرت عن سوء الفهم.,يعتذرون عن الإزعاج.,سوف نعتذر عن أي تأخير.,,120,0
approve,يعتمد,approve,officially agree to or accept as satisfactory,He approved the proposal.,She approves the budget.,We will approve the final design.,موافقة رسميًا أو قبولها على أنها مرضية,وافق على الاقتراح.,إنها توافق على الميزانية.,سنوافق على التصميم النهائي.,,121,0
belong,ينتمي ل,belong,be the property of,The book belongs to the library.,The keys belong to the new employee.,The decision will belong to the committee.,كن ملكًا,الكتاب ينتمي إلى المكتبة.,المفاتيح تنتمي إلى الموظف الجديد.,القرار سوف ينتمي إلى اللجنة.,,122,0
criticize,ينتقد,criticize,indicate the faults of (someone or something) in a disapproving way,She criticized the performance.,They criticize the company's policies.,We will criticize the decision openly.,أشر إلى أخطاء (شخص ما أو شيء ما) بطريقة رائعة,انتقدت الأداء.,أنها تنتقد سياسات الشركة.,سوف ننتقد القرار علنا.,,123,0
arrive,يصل,arrive,reach a destination or goal,They arrived at the airport.,He arrives early for every meeting.,We will arrive at the venue on time.,الوصول إلى وجهة أو هدف,وصلوا إلى المطار.,يصل مبكرًا لكل اجتماع.,سوف نصل إلى المكان في الوقت المحدد.,,124,0
deserve,يستحق,deserve,be entitled to or worthy of,She deserved the award.,They deserve recognition for their efforts.,We will deserve the praise.,يحق له أو يستحق,انها تستحق الجائزة.,إنهم يستحقون الاعتراف بجهودهم.,سوف نستحق الثناء.,,125,0
destroy,هدم,destroy,cause severe and irreparable damage to,He destroyed the old documents.,She destroys unnecessary files regularly.,We will destroy the outdated equipment.,تسبب أضرارًا شديدة ولا يمكن إصلاحها,دمر الوثائق القديمة.,إنها تدمر الملفات غير الضرورية بانتظام.,سوف ندمر المعدات القديمة.,,126,0
hesitate,يتردد,hesitate,"pause before saying or doing something, especially through uncertainty",She hesitated before answering.,They hesitate to make a decision.,We will hesitate to take unnecessary risks.,توقف قبل القول أو فعل شيء ما ، خاصة من خلال عدم اليقين,ترددت قبل الرد.,يترددون في اتخاذ قرار.,سوف نتردد في تحمل مخاطر غير ضرورية.,,127,0
inform,يخبر,inform,give (someone) facts or information; tell,He informed the team about the changes.,She informs customers about new products.,We will inform you of any updates.,إعطاء (شخص ما) حقائق أو معلومات ؛ يخبر,أبلغ الفريق عن التغييرات.,تقوم بإبلاغ العملاء عن منتجات جديدة.,سنبلغك بأي تحديثات.,,128,0
propose,اقترح,propose,put forward (an idea or plan) for consideration or discussion,They proposed a new strategy.,She proposes improvements to the process.,We will propose a solution to the problem.,طرح (فكرة أو خطة) للنظر أو المناقشة,اقترحوا استراتيجية جديدة.,إنها تقترح تحسينات على العملية.,سنقترح حلًا للمشكلة.,,129,0
remind,يتذكر,remind,cause (someone) to remember something,She reminded him of the deadline.,They remind employees of safety protocols.,We will remind everyone about the meeting.,تسبب (شخص ما) لتذكر شيء ما,ذكرته بالموعد النهائي.,يذكرون الموظفين ببروتوكولات السلامة.,سوف نذكر الجميع بالاجتماع.,,130,0
suppose,يفترض,suppose,assume to be the case; take for granted,He supposed it would rain.,She supposes they will finish on time.,We will suppose the best-case scenario.,افترض أن تكون كذلك ؛ أمر مفروغ منه,كان يفترض أن تمطر.,تفترض أنهم سينتهيون في الوقت المحدد.,سوف نفترض السيناريو الأفضل.,,131,0
translate,يترجم,translate,express the sense of (words or text) in another language,They translated the document.,She translates articles for the website.,We will translate the manual into Spanish.,عبر عن شعور (الكلمات أو النص) بلغة أخرى,قاموا بترجمة المستند.,انها تترجم المقالات للموقع.,سوف نترجم الدليل إلى الإسبانية.,,132,0
have,يملك,have,"possess, own, or hold",She had a beautiful garden.,He has a car for commuting.,They will have a meeting tomorrow.,امتلاك أو امتلاك أو عقد,كان لديها حديقة جميلة.,لديه سيارة للتنقل.,سيكون لديهم اجتماع غدا.,,133,0
use,يستخدم,use,employ for a particular purpose,They used the old equipment.,She uses a computer for work.,We will use the new software next month.,توظيف لغرض معين,استخدموا المعدات القديمة.,تستخدم جهاز كمبيوتر للعمل.,سوف نستخدم البرنامج الجديد الشهر المقبل.,,134,0
look,ينظر,look,direct one's gaze toward someone or something,He looked at the sunset.,She looks at the presentation slides.,We will look at the options before deciding.,توجيه نظرة المرء تجاه شخص ما أو شيء ما,نظر إلى غروب الشمس.,إنها تنظر إلى شرائح العرض التقديمي.,سننظر في الخيارات قبل اتخاذ القرار.,,135,0
help,يساعد,help,assist or come to the aid of,She helped her friend move.,They help each other with assignments.,We will help organize the event.,المساعدة أو تأتي لمساعدة,ساعدت صديقتها على التحرك.,أنها تساعد بعضها البعض مع المهام.,سوف نساعد في تنظيم الحدث.,,136,0
go,يذهب,go,move from one place to another; travel,They went to the beach last weekend.,He goes to the gym every morning.,We will go on a vacation next year.,الانتقال من مكان إلى آخر؛ يسافر,ذهبوا إلى الشاطئ في نهاية الأسبوع الماضي.,يذهب إلى صالة الألعاب الرياضية كل صباح.,سنذهب في إجازة العام المقبل.,,137,0
think,يفكر,think,have a particular belief or idea,She thought it was a good idea.,He thinks critically about problems.,We will think about the proposal.,لديك اعتقاد أو فكرة خاصة,اعتقدت أنها كانت فكرة جيدة.,إنه يفكر بشكل نقدي في المشاكل.,سوف نفكر في الاقتراح.,,138,0
keep,يحفظ,keep,have or retain possession of,They kept the old photographs.,She keeps important documents in a safe.,We will keep the tradition alive.,امتلك أو الاحتفاظ به,احتفظوا بالصور القديمة.,إنها تحافظ على وثائق مهمة في آمنة.,سنبقي التقليد على قيد الحياة.,,139,0
start,يبدأ,start,begin or be reckoned from a particular point in time or space,He started a new project.,She starts her day with meditation.,We will start the construction next week.,ابدأ أو يحسب حسابها من نقطة معينة في الوقت أو المكان,بدأ مشروع جديد.,تبدأ يومها بالتأمل.,سنبدأ البناء الأسبوع المقبل.,,140,0
give,يعطي,give,freely transfer the possession of something to someone; present,She gave him a thoughtful gift.,They give back to the community.,We will give a presentation tomorrow.,نقل بحرية حيازة شيء ما إلى شخص ما ؛ حاضر,أعطته هدية مدروسة.,يعيدون إلى المجتمع.,سنقدم عرضًا تقديميًا غدًا.,,141,0
play,يلعب,play,engage in activity for enjoyment and recreation,They played a game of chess.,He plays the guitar in the band.,We will play a friendly match on Sunday.,الانخراط في النشاط من أجل التمتع والترفيه,لقد لعبوا لعبة الشطرنج.,يلعب الغيتار في الفرقة.,سوف نلعب مباراة ودية يوم الأحد.,,142,0
feel,يشعر,feel,experience an emotion or sensation,She felt happy after the news.,He feels nervous before exams.,We will feel proud of our achievements.,تجربة العاطفة أو الإحساس,شعرت بالسعادة بعد الأخبار.,انه يشعر بالتوتر قبل الامتحانات.,سوف نشعر بالفخر بإنجازاتنا.,,143,0
read,يقرأ,read,look at and comprehend the meaning of written or printed matter,They read a fascinating book.,She reads articles on current affairs.,We will read the report before the meeting.,انظر إلى وفهم معنى المسألة المكتوبة أو المطبوعة,قرأوا كتابا رائعا.,إنها تقرأ مقالات عن الشؤون الحالية.,سوف نقرأ التقرير قبل الاجتماع.,,144,0
put,يضع,put,move to or place in a particular position,He put the keys on the table.,She puts effort into her work.,We will put the plan into action.,انتقل إلى أو وضع في وضع معين,وضع المفاتيح على الطاولة.,انها تبذل الجهد في عملها.,سنضع الخطة موضع التنفيذ.,,145,0
change,يتغير,change,make or become different,They changed the color of the walls.,He changes his strategy regularly.,We will change the company policies.,جعل أو تصبح مختلفة,لقد غيروا لون الجدران.,يغير استراتيجيته بانتظام.,سنقوم بتغيير سياسات الشركة.,,146,0
cut,يقطع,cut,"make an opening, incision, or wound in (something) with a sharp-edged tool or object",She cut the paper with scissors.,They cut vegetables for dinner.,We will cut unnecessary expenses.,قم بعمل فتح أو شق أو جرح في (شيء) بأداة أو كائن حافل,لقد قطعت الورقة بالمقص.,قطعوا الخضار لتناول العشاء.,سوف نقطع النفقات غير الضرورية.,,147,0
show,يعرض,show,cause or allow (something) to be visible,He showed her the new painting.,She shows the team how to use the software.,We will show the results in the presentation.,السبب أو السماح (شيء ما) ليكون مرئيا,أظهر لها اللوحة الجديدة.,إنها توضح الفريق كيفية استخدام البرنامج.,سنعرض النتائج في العرض التقديمي.,,148,0
try,يحاول,try,make an attempt or effort to do something,They tried the new recipe.,He tries to learn a new skill every month.,We will try a different approach.,قم بمحاولة أو جهد لفعل شيء ما,حاولوا الوصفة الجديدة.,يحاول تعلم مهارة جديدة كل شهر.,سنحاول نهجًا مختلفًا.,,149,0
check,يفحص,check,"examine (something) in order to determine its accuracy, quality, or condition",She checked the document for errors.,They check the equipment before each use.,We will check the details before finalizing.,فحص (شيء ما) من أجل تحديد دقتها أو جودتها أو حالتها,فحصت المستند للأخطاء.,يقومون بفحص المعدات قبل كل استخدام.,سوف نتحقق من التفاصيل قبل الانتهاء.,,150,0
move,يتحرك,move,go in a specified direction or manner; change position,They moved to a new city.,She moves gracefully on the dance floor.,We will move to a larger office.,اذهب في اتجاه أو طريقة محددة ؛ غير المكان,انتقلوا إلى مدينة جديدة.,تتحرك برشاقة على حلبة الرقص.,سوف ننتقل إلى مكتب أكبر.,,151,0
pay,يدفع,pay,"give (someone) money that is due for work done, goods received, or a debt incurred",He paid the bill at the restaurant.,She pays her employees on time.,We will pay the invoices next week.,امنح (شخص ما) أموالًا مستحقة للعمل المنجز أو البضائع المستلمة أو الديون المتكبدة,دفع الفاتورة في المطعم.,إنها تدفع موظفيها في الوقت المحدد.,سندفع الفواتير الأسبوع المقبل.,,152,0
let,يترك,let,allow or permit,She let him borrow her car.,They let their children play outside.,We will let you know about the decision.,السماح أو السماح,سمحت له باستعارة سيارتها.,تركوا أطفالهم يلعبون في الخارج.,سنخبرك بالقرار.,,153,0
increase,يزيد,increase,"make or become greater in size, amount, or degree",They increased the production.,He increases his knowledge through reading.,We will increase the budget for marketing.,جعل أو تصبح أكبر في الحجم أو المبلغ أو الدرجة,قاموا بزيادة الإنتاج.,يزيد من معرفته من خلال القراءة.,سنزيد ميزانية التسويق.,,154,0
ask,بسأل,ask,say something in order to obtain an answer or some information,She asked about his plans.,They ask questions during the lecture.,We will ask for feedback after the presentation.,قل شيئًا من أجل الحصول على إجابة أو بعض المعلومات,سألت عن خططه.,يطرحون أسئلة أثناء المحاضرة.,سوف نطلب التعليقات بعد العرض التقديمي.,,155,0
buy,يشتري,buy,acquire in exchange for money,She bought a new dress.,He buys groceries every week.,We will buy tickets for the concert.,اكتسب في مقابل المال,اشترت ثوبًا جديدًا.,يشتري البقالة كل أسبوع.,سنشتري تذاكر للحفل الموسيقي.,,156,0
guard,يحمي,guard,watch over in order to protect or control,He guarded the entrance.,She guards the valuable artifacts.,We will guard the premises tonight.,راقب من أجل حماية أو السيطرة,كان يحرس المدخل.,انها تحرس القطع الأثرية القيمة.,سنحرس المبنى الليلة.,,157,0
hold,يمسك,hold,"grasp, carry, or support with one's arms or hands",They held hands during the walk.,She holds a bouquet of flowers.,We will hold a meeting tomorrow.,فهم أو حمل أو دعم بأذرع أو يديه,حملوا يديه أثناء المشي.,انها تحمل باقة من الزهور.,سنعقد اجتماعًا غدًا.,,158,0
offer,يعرض,offer,present or proffer (something) for (someone) to accept or reject,She offered assistance.,They offer a variety of services.,We will offer discounts next month.,حاضر أو ​​عرض (شيء) ل (شخص ما) لقبول أو رفض,قدمت المساعدة.,أنها توفر مجموعة متنوعة من الخدمات.,سنقدم خصومات الشهر المقبل.,,159,0
travel,يسافر,travel,"make a journey, typically of some length or abroad",They traveled to Europe last summer.,He travels for work frequently.,We will travel to new destinations.,قم برحلة ، عادة من بعض الطول أو في الخارج,سافروا إلى أوروبا في الصيف الماضي.,يسافر للعمل بشكل متكرر.,سوف نسافر إلى وجهات جديدة.,,160,0
cook,يطبخ,cook,"prepare (food, a dish, or a meal) by combining and heating the ingredients",She cooked a delicious meal.,He cooks dinner for the family.,We will cook together on the weekend.,تحضير (طعام أو طبق أو وجبة) عن طريق الجمع بين وتدفئة المكونات,طهي وجبة لذيذة.,يطبخ العشاء للعائلة.,سوف نطبخ معًا في عطلة نهاية الأسبوع.,,161,0
dance,الرقص,dance,"move rhythmically to music, typically following a set sequence of steps",They danced at the party.,She dances salsa every Thursday.,We will dance at the wedding.,نقل إيقاعي إلى الموسيقى ، وعادة ما يتبع تسلسل مجموعة من الخطوات,رقصوا في الحزب.,إنها ترقص سالسا كل يوم خميس.,سوف نرقص في حفل الزفاف.,,162,0
excuse,عذر,excuse,seek to lessen the blame attaching to (a fault or offense); try to justify,He excused his tardiness.,She excuses the minor mistakes.,We will excuse the oversight.,تسعى إلى تقليل اللوم الذي يعلق عليه (خطأ أو جريمة) ؛ حاول تبرير,عذر تأخره.,انها تعذر الأخطاء الطفيفة.,سوف نعذر الرقابة.,,163,0
say,يقول,say,"utter words so as to convey information, an opinion, a feeling, or an instruction",She said goodbye at the airport.,They say good morning every day.,We will say our vows at the ceremony.,الكلمات المطلقة لتوصيل المعلومات أو الرأي أو الشعور أو التعليمات,قالت وداعا في المطار.,يقولون صباح الخير كل يوم.,سوف نقول وعودنا في الحفل.,,164,0
stay,يقضي,stay,remain in the same place,He stayed at the hotel.,She stays focused during meetings.,We will stay at a beach resort.,تبقى في نفس المكان,بقي في الفندق.,تبقى مركزة خلال الاجتماعات.,سنبقى في منتجع شاطئية.,,165,0
visit,يزور,visit,go to see and spend time with (someone) socially; go to (a place),They visited their grandparents.,She visits the museum regularly.,We will visit friends next weekend.,اذهب لرؤية وقضاء بعض الوقت مع (شخص ما) اجتماعيًا ؛ اذهب إلى (مكان),زاروا أجدادهم.,إنها تزور المتحف بانتظام.,سنزور الأصدقاء في نهاية الأسبوع المقبل.,,166,0
affect,يؤثر,affect,have an effect on; make a difference to,The news affected her deeply.,His actions affect the team's morale.,We will affect positive change.,لها تأثير على ؛ تحدث فرقا ل,أثرت الأخبار عليها بعمق.,أفعاله تؤثر على معنويات الفريق.,سنؤثر على التغيير الإيجابي.,,167,0
walk,يمشي,walk,move at a regular pace by lifting and setting down each foot in turn,They walked in the park.,She walks to work every day.,We will walk along the beach.,تحرك بوتيرة منتظمة عن طريق الرفع ووضع كل قدم بدوره,مشوا في الحديقة.,إنها تمشي للعمل كل يوم.,سوف نسير على طول الشاطئ.,,168,0
pick,يختار,pick,"take hold of and remove (a flower, fruit, or vegetable) from where it is growing",She picked apples from the tree.,They pick fresh herbs from the garden.,We will pick berries in the summer.,انتظر وأزل (زهرة أو فواكه أو خضار) من حيث تنمو,اختارت التفاح من الشجرة.,يختارون الأعشاب الطازجة من الحديقة.,سوف نختار التوت في الصيف.,,169,0
mix,مزج,mix,combine or put together different substances so that the constituents are combined,He mixed the ingredients in a bowl.,She mixes colors to create art.,We will mix various flavors in the recipe.,يُمزج أو تجمع مواد مختلفة بحيث يتم الجمع بين المكونات,قام بخلط المكونات في وعاء.,انها تمزج الألوان لإنشاء الفن.,سوف نخلط مختلف النكهات في الوصفة.,,170,0
stop,قف,stop,come to an end; cease to happen,The rain stopped suddenly.,She stops to admire the view.,We will stop for a break during the trip.,وصل إلى نهاية؛ توقف عن الحدوث,توقف المطر فجأة.,تتوقف عن الإعجاب بالمنظر.,سوف نتوقف لقضاء عطلة أثناء الرحلة.,,171,0
teach,يعلم,teach,impart knowledge or instruct (someone) as to how to do something,She taught English abroad.,They teach math at the school.,We will teach a workshop next month.,نقل المعرفة أو الإرشاد (شخص ما) حول كيفية القيام بشيء ما,علمت اللغة الإنجليزية في الخارج.,يعلمون الرياضيات في المدرسة.,سنقوم بتدريس ورشة عمل الشهر المقبل.,,172,0
save,يحفظ,save,keep safe or rescue (someone or something) from harm or danger,They saved a cat from a tree.,He saves money for future expenses.,We will save energy by using efficient appliances.,الحفاظ على آمنة أو إنقاذ (شخص ما أو شيء ما) من الأذى أو الخطر,أنقذوا قطة من شجرة.,انه يوفر المال للنفقات المستقبلية.,سنوفر الطاقة باستخدام الأجهزة الفعالة.,,173,0
listen,يستمع,listen,give one's attention to a sound,She listened to the music.,They listen to podcasts on their commute.,We will listen to the speaker attentively.,انتباه,استمعت إلى الموسيقى.,يستمعون إلى البودكاست على تنقلهم.,سوف نستمع إلى المتحدث باهتمام.,,174,0
worry,يقلق,worry,"feel or cause to feel anxious or troubled, especially with regard to an imminent event",He worried about the exam.,She worries about the future.,We will worry less about minor issues.,تشعر أو تسبب الشعور بالقلق أو الاضطراب ، خاصة فيما يتعلق بحدث وشيك,كان قلقا بشأن الامتحان.,إنها تقلق بشأن المستقبل.,سنقلق أقل بشأن القضايا البسيطة.,,175,0
express,يعبر,express,convey (a thought or feeling) in words or by gestures and conduct,She expressed her gratitude.,They express themselves through art.,We will express our opinions in the meeting.,تنقل (فكرة أو شعور) بالكلمات أو الإيماءات والسلوك,أعربت عن امتنانها.,يعبرون عن أنفسهم من خلال الفن.,سوف نعبر عن آرائنا في الاجتماع.,,176,0
meet,يقابل,meet,come into the presence or company of (someone) by chance or arrangement,They met at a coffee shop.,He meets clients regularly.,We will meet at the park tomorrow.,تعال إلى حضور أو شركة (شخص ما) عن طريق الصدفة أو الترتيب,التقيا في مقهى.,يلتقي العملاء بانتظام.,سنلتقي في الحديقة غدا.,,177,0
sell,يبيع,sell,give or hand over (something) in exchange for money,She sold her old furniture.,They sell handmade crafts online.,We will sell products at the fair.,أعط أو تسليم (شيء ما) مقابل المال,باعت أثاثها القديم.,يبيعون الحرف اليدوية عبر الإنترنت.,سنبيع المنتجات في المعرض.,,178,0
finish,ينهي,finish,bring (a task or activity) to an end; complete,She finished the book yesterday.,He finishes his work on time.,We will finish the project by next week.,إحضار (مهمة أو نشاط) ؛ مكتمل,أنهت الكتاب أمس.,ينهي عمله في الوقت المحدد.,سننهي المشروع بحلول الأسبوع المقبل.,,179,0
press,يضعط,press,"exert continuous physical force on (something), typically in order to operate a device or machine",He pressed the button to start.,She presses the keys gently on the piano.,We will press the switch to turn on the lights.,تمارس القوة البدنية المستمرة على (شيء ما) ، عادة من أجل تشغيل جهاز أو جهاز,ضغط على الزر للبدء.,إنها تضغط على المفاتيح بلطف على البيانو.,سنضغط على التبديل لتشغيل الأضواء.,,180,0
ride,يركب,ride,"sit on and control the movement of (an animal, especially a horse), typically as a sport",They rode horses in the countryside.,She rides her bike to work.,We will ride bicycles in the park.,اجلس والتحكم في حركة (حيوان ، وخاصة الحصان) ، عادة كرياضة,ركبوا الخيول في الريف.,انها ركوب دراجتها للعمل.,سوف نركب الدراجات في الحديقة.,,181,0
hit,يضرب,hit,bring one's hand or a tool or weapon into contact with (someone or something) quickly and forcefully,He hit the ball with a bat.,She hits the drum during the performance.,We will hit the target with precision.,أحضر يد المرء أو أداة أو سلاح على اتصال (شخص ما أو شيء ما) بسرعة وقوة,ضرب الكرة مع الخفافيش.,إنها تضرب الطبل أثناء الأداء.,سوف نضرب الهدف بدقة.,,182,0
touch,يلمس,touch,come into or be in contact with (something),She touched the delicate fabric.,They touch the screen to navigate.,We will touch base with you later.,تعال أو تكون على اتصال مع (شيء ما),لمست النسيج الحساس.,يلمسون الشاشة للتنقل.,سوف نلمس قاعدة معك لاحقًا.,,183,0
wait,انتظر,wait,stay where one is or delay action until a particular time or event occurs,They waited for the bus.,She waits for her turn patiently.,We will wait for your arrival.,ابق حيث يكون المرء أو تأخير العمل حتى يحدث وقت أو حدث معين,انتظروا الحافلة.,تنتظر دورها بصبر.,سننتظر وصولك.,,184,0
cancel,يلغي,cancel,decide not to conduct or perform (something planned or expected),He canceled the meeting.,She cancels the subscription online.,We will cancel the event due to weather.,قرر عدم إجراء أو أداء (شيء مخطط أو متوقع),ألغى الاجتماع.,انها تلغي الاشتراك عبر الإنترنت.,سنقوم بإلغاء الحدث بسبب الطقس.,,185,0
cry,يبكي,cry,"shed tears, typically as an expression of distress, pain, or sorrow",She cried during the movie.,He cries when he's emotionally moved.,We will cry tears of joy at the wedding.,سقيفة الدموع ، عادة كتعبير عن الضيق أو الألم أو الحزن,بكت خلال الفيلم.,يبكي عندما يتحرك عاطفيا.,سنبكي دموع الفرح في حفل الزفاف.,,186,0
push,يدفع,push,exert force on (someone or something) with a steady continuous action,He pushed the door open.,She pushes the cart in the grocery store.,We will push the heavy furniture together.,تمارس القوة على (شخص أو شيء ما) مع عمل مستمر ثابت,دفع الباب مفتوحا.,انها تدفع العربة في متجر البقالة.,سندفع الأثاث الثقيل معًا.,,187,0
eat,يأكل,eat,put (food) into the mouth and chew and swallow it,They ate dinner together.,She eats a healthy breakfast every day.,We will eat at the new restaurant.,ضع (الطعام) في الفم ومضغه وابتلعه,أكلوا العشاء معا.,إنها تأكل وجبة فطور صحية كل يوم.,سوف نأكل في المطعم الجديد.,,188,0
fill,يملأ,fill,make or become full; put as much as can be held into (a container),He filled the glass with water.,She fills the vase with fresh flowers.,We will fill the room with laughter.,جعل أو تصبح ممتلئة ؛ ضع بقدر ما يمكن الاحتفاظ به في (حاوية),ملأ الزجاج بالماء.,انها تملأ المزهرية مع الزهور الطازجة.,سوف نملأ الغرفة بالضحك.,,189,0
jump,القفز,jump,push oneself off a surface and into the air by using the muscles in one's legs,They jumped over the hurdle.,He jumps during the basketball game.,We will jump across the river.,ادفع نفسه عن السطح وفي الهواء باستخدام العضلات في ساقيه,قفزوا فوق العقبة.,انه يقفز خلال لعبة كرة السلة.,سنقفز عبر النهر.,,190,0
beat,يهزم,beat,strike (a person or an animal) repeatedly and violently so as to hurt or injure them,She beat the drum rhythmically.,They beat the opponent in the game.,We will beat the record next time.,الإضراب (شخص أو حيوان) مرارًا وتكرارًا وبهفًا حتى يؤذيهم أو يؤذيهم,تغلبت على طبل إيقاعي.,لقد تغلبوا على الخصم في اللعبة.,سوف نتغلب على السجل في المرة القادمة.,,191,0
burn,يحرق,burn,(of a fire) produce flames and light; consume fuel in such a way as to produce heat and light,He burned the old papers.,She burns candles for relaxation.,We will burn the logs in the fireplace.,(من النار) تنتج النيران والضوء. تستهلك الوقود بطريقة لإنتاج الحرارة والضوء,أحرق الأوراق القديمة.,انها تحرق الشموع للاسترخاء.,سنحرق السجلات في الموقد.,,192,0
deposit,إيداع,deposit,"put or set down (something or someone) in a specific place, typically unceremoniously",They deposited the bags in the lobby.,She deposits money in the bank regularly.,We will deposit the keys at the front desk.,ضع أو وضع (شيء أو شخص ما) في مكان معين ، عادة ما يكون غير متجانس,لقد أودعوا الحقائب في الردهة.,انها تودع المال في البنك بانتظام.,سنودع المفاتيح في مكتب الاستقبال.,,193,0
print,مطبعة,print,"produce (books, newspapers, magazines, etc.), especially in large quantities, by a mechanical process involving the transfer of text, images, or designs to paper",He printed the document.,She prints brochures for the event.,We will print invitations for the party.,المنتج (الكتب ، الصحف ، المجلات ، إلخ) ، وخاصة بكميات كبيرة ، من خلال عملية ميكانيكية تتضمن نقل النص أو الصور أو التصميمات إلى الورق,طبع المستند.,انها تطبع الكتيبات لهذا الحدث.,سنطبع دعوات للحزب.,,194,0
raise,يرفع,raise,lift or move to a higher position or level,She raised her hand to ask a question.,They raise the flag every morning.,We will raise the curtain for the performance.,ارفع أو انتقل إلى موقع أو مستوى أعلى,رفعت يدها لطرح سؤال.,يرفعون العلم كل صباح.,سوف نرفع الستار للأداء.,,195,0
sleep,ينام,sleep,"rest in a state of reduced consciousness, typically with the eyes closed",He slept for eight hours.,She sleeps early to feel rested.,We will sleep under the stars tonight.,استرح في حالة من الوعي المنخفض ، عادة مع العيون مغلقة,نام لمدة ثماني ساعات.,تنام مبكرًا لتشعر بالراحة.,سوف ننام تحت النجوم الليلة.,,196,0
connect,يتصل,connect,bring together or into contact so that a real or notional link is established,They connected the devices.,He connects with people on social media.,We will connect the wires carefully.,اجمع أو على اتصال بحيث يتم إنشاء رابط حقيقي أو افتراضي,قاموا بربط الأجهزة.,انه يتصل مع الناس على وسائل التواصل الاجتماعي.,سنقوم بتوصيل الأسلاك بعناية.,,197,0
consist,تتكون,consist,be composed or made up of,The team consists of experts.,She consists of talent and hard work.,The plan will consist of several phases.,تتألف أو تتكون من,يتكون الفريق من خبراء.,تتكون من المواهب والعمل الجاد.,ستتألف الخطة من عدة مراحل.,,198,0
contribute,يساهم,contribute,"give (something, especially money) in order to help achieve or provide something",They contributed to the charity.,He contributes articles to the magazine.,We will contribute to the community project.,امنح (شيء ، وخاصة المال) من أجل المساعدة في تحقيق شيء أو تقديم شيء,ساهموا في الجمعية الخيرية.,انه يساهم مقالات في المجلة.,سوف نساهم في مشروع المجتمع.,,199,0
hire,يؤجر,hire,employ (someone) for wages,They hired a new employee.,She hires skilled professionals.,We will hire additional staff next month.,توظيف (شخص ما) للأجور,لقد استأجروا موظفًا جديدًا.,انها تستأجر المهنيين المهرة.,سنقوم بتوظيف موظفين إضافيين الشهر المقبل.,,200,0
join,ينضم,join,"become a member or part of (a group, organization, or situation)",He joined the club last year.,She joins the discussion regularly.,We will join the community event.,كن عضوًا أو جزءًا من (مجموعة أو منظمة أو موقف),انضم إلى النادي العام الماضي.,تنضم إلى المناقشة بانتظام.,سننضم إلى حدث المجتمع.,,201,0
sit,يجلس,sit,adopt or be in a position in which one's weight is supported by one's buttocks rather than one's feet,She sat on the bench.,They sit in the waiting area.,We will sit at the front during the concert.,اعتماد أو أن يكون في وضع يتم فيه دعم وزن الشخص من قبل الأرداف بدلاً من قدمه,جلست على مقاعد البدلاء.,يجلسون في منطقة الانتظار.,سوف نجلس في المقدمة خلال الحفل.,,202,0
win,يفوز,win,be successful or victorious in (a contest or conflict),They won the championship.,He wins every game he plays.,We will win the competition next year.,كن ناجحًا أو منتصراً في (مسابقة أو صراع),فازوا بالبطولة.,إنه يفوز بكل لعبة يلعبها.,سنفوز بالمسابقة العام المقبل.,,203,0
fix,يصلح,fix,fasten (something) securely in a particular place or position,She fixed the broken shelf.,He fixes the leaky faucet.,We will fix the roof before winter.,اربط (شيء ما) بشكل آمن في مكان أو موقف معين,لقد أصلحت الرف المكسور.,انه يصلح الصنبور المتسرب.,سنصلح السقف قبل فصل الشتاء.,,204,0
attack,هجوم,attack,take aggressive action against (a place or enemy forces) with weapons or armed force,They attacked the fortress.,She attacks the opponent's strategy.,We will attack at dawn.,اتخاذ إجراءات عدوانية ضد (مكان أو قوات العدو) بأسلحة أو قوة مسلحة,هاجموا القلعة.,إنها تهاجم استراتيجية الخصم.,سنهاجم عند الفجر.,,205,0
drink,يشرب,drink,take (a liquid) into the mouth and swallow,He drank a glass of water.,She drinks herbal tea every morning.,We will drink fresh juice for breakfast.,خذ (سائل) في الفم وابتلاع,شرب كوب من الماء.,إنها تشرب شاي العشبي كل صباح.,سوف نشرب عصير طازج على الإفطار.,,206,0
guess,يخمن,guess,estimate or suppose (something) without sufficient information to be sure of being correct,They guessed the answer.,She guesses the correct outcome.,We will guess the result of the experiment.,تقدير أو افترض (شيء ما) دون معلومات كافية للتأكد من صحة,لقد خمنوا الجواب.,إنها تخمن النتيجة الصحيحة.,سوف نخمن نتيجة التجربة.,,207,0
wear,يرتدي,wear,"have on one's body or a part of one's body as clothing, decoration, protection, or for some other purpose",She wore a beautiful dress.,They wear uniforms at work.,We will wear costumes for the party.,احصل على جسم المرء أو جزءًا من جسم المرء كملابس أو زخرفة أو حماية أو لأغراض أخرى,ارتدت فستانًا جميلًا.,يرتدون الزي الرسمي في العمل.,سوف نرتدي أزياء للحزب.,,208,0
count,عدد,count,determine the total number of,He counted the coins in the jar.,She counts the inventory regularly.,We will count the votes tomorrow.,تحديد العدد الإجمالي لـ,قام بحساب العملات المعدنية في الجرة.,إنها تحسب المخزون بانتظام.,سنحسب الأصوات غدًا.,,209,0
doubt,شك,doubt,feel uncertain about,They doubted the decision.,She doubts the accuracy of the data.,We will doubt the feasibility of the plan.,تشعر بعدم اليقين بشأن,شككوا في القرار.,إنها تشك في دقة البيانات.,سوف نشك في جدوى الخطة.,,210,0
feed,يٌطعم,feed,give food to,She fed the birds in the park.,They feed the animals on the farm.,We will feed the guests at the event.,إعطاء الطعام ل,لقد أطعمت الطيور في الحديقة.,أنها تغذي الحيوانات في المزرعة.,سنطعم الضيوف في هذا الحدث.,,211,0
repeat,يكرر,repeat,say or do again,He repeated the instructions.,She repeats the mantra during meditation.,We will repeat the experiment for accuracy.,قل أو افعل مرة أخرى,كرر التعليمات.,تكرر المانترا أثناء التأمل.,سوف نكرر تجربة الدقة.,,212,0
wish,يتمنى,wish,feel or express a strong desire or hope for something that is not easily attainable,They wished for good health.,She wishes for a peaceful world.,We will wish for success in the new year.,تشعر أو تعبر عن رغبة قوية أو أمل في شيء لا يمكن تحقيقه بسهولة,كانوا يتمنون لصحة جيدة.,إنها تتمنى لعالم سلمي.,نرغب في النجاح في العام الجديد.,,213,0
mention,يذكر,mention,refer to briefly and without going into detail; make a casual reference to,He mentioned the upcoming event.,She mentions interesting facts in her lectures.,We will mention your achievements in the speech.,الرجوع إلى لفترة وجيزة ودون الخوض في التفاصيل ؛ إشارة غير رسمية إلى,وذكر الحدث القادم.,تذكر حقائق مثيرة للاهتمام في محاضراتها.,سوف نذكر إنجازاتك في الخطاب.,,214,0
smell,يشم,smell,perceive or detect the odor or scent of (something) by means of the nose,She smelled the flowers.,They smell the freshly baked bread.,We will smell the aroma of coffee in the morning.,إدراك أو اكتشف رائحة أو رائحة (شيء) عن طريق الأنف,كانت رائحة الزهور.,رائحة الخبز المخبوز حديثا.,سوف نشم رائحة القهوة في الصباح.,,215,0
escape,يهرب,escape,break free from confinement or control,They escaped from the prison.,He escapes reality through reading.,We will escape to a remote island for vacation.,تحرر من الحبس أو السيطرة,هربوا من السجن.,يهرب من الواقع من خلال القراءة.,سوف نهرب إلى جزيرة نائية لقضاء إجازة.,,216,0
expose,يفضح,expose,make (something) visible by uncovering it,She exposed the hidden truth.,They expose the corruption in the system.,We will expose the fraudulent activities.,اجعل (شيء) مرئيًا عن طريق الكشف عنه,كشفت الحقيقة الخفية.,أنها تعرض الفساد في النظام.,سنعرض الأنشطة الاحتيالية.,,217,0
hate,يكره,hate,feel intense or passionate dislike for,He hated the injustice.,She hates the taste of cilantro.,We will hate to see them go.,تشعر بالارتياح الشديدة أو العاطفية,كره الظلم.,انها تكره طعم الكزبرة.,سوف نكره أن نراهم يذهبون.,,218,0
repair,بصلح,repair,fix or mend (a thing suffering from damage or a fault),She repaired the broken toy.,They repair electronic devices.,We will repair the roof before the rainy season.,إصلاح أو إصلاح (شيء يعاني من الضرر أو الخطأ),لقد أصلحت اللعبة المكسورة.,يقومون بإصلاح الأجهزة الإلكترونية.,سنصلح السقف قبل موسم الأمطار.,,219,0
employ,توظيف,employ,give work to (someone) and pay them for it,They employed a skilled technician.,She employs a team of experts.,We will employ additional staff next quarter.,امنح العمل إلى (شخص ما) ودفعه مقابل ذلك,لقد استخدموا فنيًا ماهرًا.,توظف فريقًا من الخبراء.,سنقوم بتوظيف موظفين إضافيين في الربع القادم.,,220,0
laugh,يضحك,laugh,make the spontaneous sounds and movements of the face and body that are the instinctive expressions of lively amusement,He laughed at the joke.,She laughs heartily at comedies.,We will laugh together at the comedy show.,اجعل الأصوات والحركات التلقائية للوجه والجسم هي التعبيرات الغريزية للتسلية الحيوية,ضحك على النكتة.,تضحك بحرارة في الكوميديا.,سوف نضحك معا في عرض الكوميديا.,,221,0
swim,السباحة,swim,"propel the body through water by using the limbs, or (in the case of a fish or other aquatic animal) by using fins, tail, or other bodily movement",They swam in the ocean.,He swims regularly for exercise.,We will swim in the lake next summer.,دفع الجسم عبر الماء باستخدام الأطراف ، أو (في حالة السمك أو حيوان مائي آخر) باستخدام الزعانف أو الذيل أو حركة جسدية أخرى,سبحوا في المحيط.,يسبح بانتظام لممارسة الرياضة.,سنسبح في البحيرة في الصيف المقبل.,,222,0
wash,غسل,wash,"clean with water and, typically, soap or detergent",She washed the dishes after dinner.,He washes his car every weekend.,We will wash the clothes tomorrow.,نظف بالماء ، وعادة ما يكون الصابون أو المنظفات,غسلت الأطباق بعد العشاء.,يغسل سيارته في نهاية كل أسبوع.,سنغسل الملابس غدا.,,223,0
sing,يغني,sing,"produce musical sounds with the voice, especially words with a set tune",They sang a beautiful song.,She sings in the choir every Sunday.,We will sing together at the party.,إنتاج أصوات موسيقية مع الصوت ، وخاصة الكلمات مع لحن مجموعة,غنوا أغنية جميلة.,تغني في الجوقة كل يوم أحد.,سنغني معًا في الحفلة.,,224,0
miss,يفتقد,miss,"fail to hit, reach, or come into contact with (something aimed at)",He missed the target.,She misses her friends from college.,We will miss the train if we don't hurry.,فشل في ضرب أو الوصول أو التواصل مع (شيء يهدف),لقد فاته الهدف.,إنها تفتقد صديقاتها من الكلية.,سنفتقد القطار إذا لم نتسرع.,,225,0
recover,استعادة,recover,"return to a normal state of health, mind, or strength",She recovered from the illness.,They recover quickly after workouts.,We will recover fully by next week.,العودة إلى حالة صحية أو عقل أو قوة طبيعية,تعافت من المرض.,يتعافون بسرعة بعد التدريبات.,سوف نتعافى بالكامل بحلول الأسبوع المقبل.,,226,0
refuse,رفض,refuse,indicate or show that one is not willing to do something or comply with a request,He refused to sign the contract.,She refuses to compromise her values.,We will refuse any unfair demands.,أشر أو تظهر أن الشخص غير مستعد لفعل شيء أو الامتثال لطلب,رفض التوقيع على العقد.,إنها ترفض التنازل عن قيمها.,سنرفض أي مطالب غير عادلة.,,227,0
steal,يسرق,steal,take (another person's property) without permission or legal right,They stole the jewelry.,He steals glances at her during meetings.,We will steal a moment for ourselves.,خذ (ممتلكات شخص آخر) دون إذن أو حق قانوني,سرقوا المجوهرات.,يسرق النظرات عليها خلال الاجتماعات.,سوف نسرق لحظة لأنفسنا.,,228,0
delay,تأخير,delay,make (someone or something) late or slow,She delayed the meeting by an hour.,They delay the project with indecision.,We will delay the trip until next month.,اجعل (شخص ما أو شيء ما) متأخراً أو بطيئًا,لقد تأخرت الاجتماع لمدة ساعة.,يؤخرون المشروع مع التردد.,سنؤخر الرحلة حتى الشهر المقبل.,,229,0
hurry,عجل,hurry,move or act quickly; rush,He hurried to catch the bus.,She hurries through her morning routine.,We will hurry to finish the task on time.,تحرك أو تصرف بسرعة ؛ يسرع,سارع للقبض على الحافلة.,إنها تسارع في روتينها الصباحي.,سوف نسرع ​​لإنهاء المهمة في الوقت المحدد.,,230,0
invite,يدعو,invite,ask (someone) to go somewhere or do something,They invited her to the party.,He invites colleagues to his events.,We will invite them for dinner.,اطلب من (شخص ما) الذهاب إلى مكان ما أو القيام بشيء ما,دعوها إلى الحفلة.,يدعو الزملاء إلى أحداثه.,سوف ندعوهم لتناول العشاء.,,231,0
marry,الزواج,marry,take (someone) as one's spouse in marriage,She married her college sweetheart.,They marry in a beautiful ceremony.,We will marry in the spring.,خذ (شخص ما) كزوج واحد في الزواج,تزوجت حبيبتها الجامعية.,يتزوجون في حفل جميل.,سوف نتزوج في الربيع.,,232,0
quit,يترك,quit,"leave (a place), usually permanently",He quit his job last month.,She quits unhealthy habits.,We will quit the old software.,ترك (مكان) ، عادة بشكل دائم,ترك وظيفته الشهر الماضي.,انها تترك العادات غير الصحية.,سوف نتوقف عن البرنامج القديم.,,233,0
reply,رد,reply,say something in response to something someone has said,She replied to the email promptly.,They reply to customer inquiries.,We will reply to your message soon.,قل شيئًا ردًا على شيء قاله أحدهم,أجابت على البريد الإلكتروني على الفور.,يردون على استفسارات العملاء.,سوف نرد على رسالتك قريبًا.,,234,0
smile,يبتسم,smile,"form one's features into a pleased, kind, or amused expression",He smiled at the compliment.,She smiles at strangers.,We will smile for the group photo.,تشكل ميزات المرء في تعبير مسرور أو لطيف أو مسليا,ابتسم في المجاملة.,تبتسم على الغرباء.,سوف نبتسم لصورة المجموعة.,,235,0
wake,استيقظ,wake,cause to become alert and conscious after sleeping,She woke him up for breakfast.,They wake up early every day.,We will wake up at sunrise.,تسبب في حالة تأهب واعية بعد النوم,أيقظته على الإفطار.,يستيقظون مبكرًا كل يوم.,سوف نستيقظ عند شروق الشمس.,,236,0
study,يذاكر,study,"apply oneself to the acquisition of knowledge, as by reading, investigation, or practice",They studied for the exam all night.,He studies different languages.,We will study the market trends.,تنطبق على اكتساب المعرفة ، كما هو من خلال القراءة أو التحقيق أو الممارسة,درسوا للامتحان طوال الليل.,يدرس لغات مختلفة.,سوف ندرس اتجاهات السوق.,,237,0
care,رعاية,care,feel concern or interest; attach importance to something,She cared for the injured bird.,He cares about environmental issues.,We will care for the elderly.,تشعر بالقلق أو الاهتمام ؛ نعلق أهمية شيء ما,كانت تهتم بالطيور المصاب.,انه يهتم بالقضايا البيئية.,سوف نهتم بمسنين.,,238,0
risk,مخاطرة,risk,"expose (someone or something valued) to danger, harm, or loss",They risked their lives for the mission.,She risks financial stability for entrepreneurship.,We will risk trying a new approach.,يعرض (شخص ما أو شيء ما) للخطر أو الأذى أو الخسارة,خاطروا بحياتهم للمهمة.,إنها تخاطر بالاستقرار المالي لريادة الأعمال.,سنخاطر بتجربة نهج جديد.,,239,0
answer,إجابة,answer,say or write something to deal with a question or problem,He answered all the interview questions.,She answers emails promptly.,We will answer your call shortly.,قل أو اكتب شيئًا للتعامل مع سؤال أو مشكلة,أجاب على جميع أسئلة المقابلة.,إنها تجيب على رسائل البريد الإلكتروني على الفور.,سنجيب على مكالمتك قريبًا.,,240,0
respect,احترام,respect,"have due regard for the feelings, wishes, or rights of others",She respected their decision.,They respect diversity in the workplace.,We will respect your opinion.,احترس من المشاعر أو التمنيات أو حقوق الآخرين,كانت تحترم قرارهم.,يحترمون التنوع في مكان العمل.,سنحترم رأيك.,,241,0
describe,يصف,describe,"give an account in words of (someone or something), including all the relevant characteristics, qualities, or events",They described the scene in detail.,She describes the process in the manual.,We will describe the plan in the presentation.,أعط حسابًا بكلمات (شخص ما أو شيء ما) ، بما في ذلك جميع الخصائص أو الصفات أو الأحداث ذات الصلة,وصفوا المشهد بالتفصيل.,تصف العملية في الدليل.,سنصف الخطة في العرض التقديمي.,,242,0
accept,يقبل,accept,consent to receive (a thing offered),He accepted the gift graciously.,She accepts challenges with enthusiasm.,We will accept the invitation.,موافقة على تلقي (شيء معروض),قبل الهدية بلطف.,إنها تقبل التحديات بحماس.,سوف نقبل الدعوة.,,243,0
desire,يرغب,desire,strongly wish for or want (something),She desired success in her career.,They desire a peaceful life.,We will desire more opportunities.,أتمنى بشدة أو تريد (شيء ما),كانت ترغب في النجاح في حياتها المهنية.,إنهم يرغبون في حياة سلمية.,سنرغب في مزيد من الفرص.,,244,0