UB,words,count,,type,mean
,of,5220,,"(preposition,auxiliary verb)",ل
,and,5196,,(conjunction),و
,to,4951,,"(preposition,adverb)",ل
,a,4506,,"(indefinite article,noun,preposition)",أ
,in,2822,,"(preposition,adverb)",في
,is,2699,,(verb),يكون
,you,2041,,"(pronoun,noun)",أنت
,are,1843,,(verb),نكون
,for,1752,,"(preposition,conjunction)",ل
,that,1743,,"(pronoun,adjective,adverb,conjunction)",الذي - التي
,or,1487,,(conjunction),أو
,it,1386,,"(pronoun,noun)",هو - هي
,as,1363,,"(adverb,conjunction,pronoun,preposition)",d
,be,1145,,"(verb,auxiliary verb)",يكون
,on,1087,,"(preposition,adverb,adjective)",على
,your,1067,,(pronoun),لك
,with,1062,,(preposition),مع
,can,895,,"(auxiliary verb,noun)",يستطيع
,have,891,,"(verb,auxiliary verb)",يملك
,this,864,,"(pronoun,adjective,adverb)",هذا
,an,754,,(indefinite article),ان
,by,706,,"(preposition,adverb)",بواسطة
,not,658,,(adverb),لا
,but,626,,"(conjunction,preposition,adverb,noun)",لكن
,at,624,,(preposition),في
,from,622,,(preposition),من
,I,621,,(pronoun),أنا
,they,617,,(pronoun),هم
,more,597,,"(adjective,adverb)",أكثر
,will,577,,"(auxiliary verb,noun)",سوف
,if,546,,"(conjunction,noun)",لو
,some,501,,"(adjective,pronoun,adverb)",بعض
,there,470,,"(adverb,pronoun,noun,adjective)",هناك
,what,461,,"(pronoun,adjective,adverb,interjection)",ماذا
,about,451,,"(preposition,adverb,adjective)",عن
,which,449,,"(pronoun,adjective)",أيّ
,when,442,,"(adverb,conjunction)",متى
,one,441,,"(adjective,noun,pronoun)",واحد
,their,439,,(pronoun),هُم
,all,438,,"(adjective,pronoun,noun,adverb)",الجميع
,also,419,,(adverb),أيضًا
,how,412,,"(adverb,conjunction)",كيف
,many,397,,"(adjective,noun,pronoun)",كثير
,do,389,,(auxiliary verb),يفعل
,has,384,,(verb),لديه
,most,378,,"(adjective,noun,adverb)",معظم
,people,372,,(noun),الناس
,other,369,,"(adjective,noun,pronoun,adverb)",آخر
,time,369,,"(noun,adjective,verb)",وقت
,so,352,,"(adverb,conjunction,pronoun,adjective)",لذا
,was,352,,"(past,verb)",كان
,we,352,,(pronoun),نحن
,these,344,,"(pronoun,adjective)",هؤلاء
,may,336,,(auxiliary verb),يمكن
,like,324,,"(preposition,verb,conjunction,adverb)",يحب
,use,319,,"(verb,noun)",يستخدم
,into,301,,(preposition),داخل
,than,301,,(conjunction),من
,up,296,,"(adverb,preposition,adjective,noun)",أعلى
,out,294,,"(adverb,preposition,adjective,interjection)",خارج
,who,281,,(pronoun),من
,them,269,,(pronoun),هم
,make,262,,"(verb,noun)",يصنع
,because,248,,(conjunction),لأن
,such,236,,"(adjective,adverb)",هذه
,through,235,,"(preposition,adverb,adjective)",خلال
,get,233,,(verb),يحصل
,work,224,,"(noun,adjective,verb)",عمل
,even,223,,"(adjective,verb,adverb)",حتى
,different,215,,(adjective),مختلف
,its,215,,(pronoun),إنه
,no,213,,"(adverb,adjective,noun)",لا
,our,213,,(pronoun),ملكنا
,new,210,,"(adjective,adverb)",جديد
,film,209,,"(noun,verb)",فيلم
,just,208,,"(adjective,adverb)",فقط
,only,208,,"(adverb,adjective,conjunction)",فقط
,see,204,,(verb),يرى
,used,204,,(adjective),مستخدم
,good,201,,"(adjective,noun,adverb,interjection)",جيد
,water,201,,"(noun,verb,adjective)",ماء
,been,200,,"(past,verb)",كان
,need,193,,(verb),يحتاج
,should,191,,(auxiliary verb),يجب
,very,191,,(adverb),جداً
,any,190,,"(adjective,adverb)",أي
,history,187,,(noun),تاريخ
,often,187,,(adverb),غالباً
,way,185,,(noun),طريق
,well,184,,"(adverb,verb,noun,interjection)",حسنًا
,art,183,,(noun),فن
,know,181,,(verb),يعرف
,were,180,,"(past,verb)",كان
,then,179,,"(adverb,adjective)",ثم
,my,177,,(pronoun),لي
,first,176,,"(adverb,adjective)",أولاً
,would,176,,(verb),كان
,money,174,,"(noun,adjective)",مال
,each,173,,"(adjective,adverb)",كل
,over,170,,"(preposition,adjective,noun)",زيادة
,world,169,,(noun),عالم
,information,168,,(noun),معلومة
,map,167,,(noun),رسم خريطة
,find,166,,(verb),يجد
,where,166,,"(adverb,pronoun,noun)",أين
,much,165,,"(adjective,adverb)",كثيراً
,take,164,,(verb),يأخذ
,two,164,,(noun),اثنين
,want,163,,(verb),يريد
,important,160,,(adjective),مهم
,family,159,,(noun),عائلة
,those,156,,(pronoun),أولئك
,example,147,,"(noun,verb)",مثال
,while,147,,"(noun,conjunction,preposition,verb)",بينما
,he,144,,(pronoun),هو
,look,144,,"(verb,noun,interjection)",ينظر
,government,143,,(noun),حكومة
,before,141,,"(preposition,adverb,conjunction)",قبل
,help,141,,"(verb,noun,interjection)",يساعد
,between,137,,"(preposition,adverb)",بين
,go,131,,"(verb,noun,adjective,interjection)",يذهب
,own,130,,"(adjective,verb)",ملك
,however,128,,(adverb),لكن
,business,127,,"(noun,adjective)",عمل
,us,127,,(pronoun),نحن
,great,126,,"(adjective,noun,adverb,interjection)",عظيم
,his,125,,"(pronoun,adjective)",له
,being,124,,"(verb,noun)",كون
,another,123,,"(adjective,pronoun)",آخر
,health,122,,(noun),صحة
,same,120,,"(adjective,pronoun,adverb)",نفس
,study,118,,"(noun,verb)",يذاكر
,why,118,,"(adverb,conjunction,noun,interjection)",لماذا
,few,117,,"(adjective,noun,pronoun)",عدد قليل
,game,117,,"(noun,adjective,verb)",لعبة
,might,116,,"(auxiliary verb,noun)",قد
,think,116,,"(verb,adjective,noun)",يفكر
,free,115,,"(adjective,adverb,verb)",حر
,too,114,,(adverb),أيضاً
,had,113,,(auxiliary verb),ملك
,hi,113,,(interjection),أهلاً
,right,113,,"(adjective,adverb,noun,verb)",يمين
,still,112,,"(adjective,noun,adverb,verb)",ما زال
,system,111,,(noun),نظام
,after,110,,"(preposition,adjective,adverb)",بعد
,computer,109,,(noun),حاسوب
,best,108,,"(adjective,adverb,noun,verb)",أفضل
,must,108,,"(auxiliary verb,verb,adjective,noun)",يجب
,her,107,,(pronoun),ها
,life,107,,"(noun,adjective)",حياة
,since,107,,"(preposition,adverb,conjunction)",منذ
,could,105,,(auxiliary verb),استطاع
,does,104,,(verb),يفعل
,now,104,,"(adverb,conjunction,adjective)",الآن
,during,103,,(preposition),خلال
,learn,102,,(verb),يتعلم
,around,101,,"(adverb,preposition)",حول
,usually,101,,(adverb),عادة
,form,99,,"(noun,verb)",استمارة
,meat,99,,(noun),لحمة
,air,98,,"(noun,verb)",هواء
,day,98,,"(noun,adjective)",يوم
,place,98,,"(noun,verb)",مكان
,become,97,,(verb),يصبح
,number,97,,"(noun,verb)",رقم
,public,97,,"(adjective,noun)",عام
,read,97,,"(verb,noun)",يقرأ
,keep,96,,"(verb,noun)",يحفظ
,part,96,,"(noun,verb,adverb)",جزء
,start,96,,"(verb,noun)",يبدأ
,year,96,,(noun),سنة
,every,95,,(adjective),كل
,field,95,,"(noun,verb,adjective)",مجال
,large,95,,(adjective),كبير
,once,95,,"(adverb,conjunction)",مرة واحدة
,available,94,,(adjective),متاح
,down,94,,"(adverb,preposition,adjective,verb)",تحت
,give,93,,"(verb,noun)",يعطي
,fish,92,,"(noun,verb)",سمكة
,human,92,,"(adjective,noun)",بشر
,both,91,,"(adjective,adverb)",كلاهما
,local,90,,"(adjective,noun)",محلي
,sure,90,,"(adjective,adverb)",بالتأكيد
,something,89,,(pronoun),شئ ما
,without,89,,"(preposition,adverb,conjunction)",بدون
,come,88,,(verb),يأتي
,me,88,,(pronoun),أنا
,back,86,,"(noun,adverb,verb,adjective)",خلف
,better,86,,"(adjective,adverb,noun,verb)",أحسن
,general,85,,"(adjective,noun)",عام
,process,85,,"(noun,verb)",عملية
,she,85,,"(pronoun,noun)",هي
,heat,84,,"(noun,verb)",حرارة
,thanks,84,,(noun),شكرًا
,specific,83,,"(adjective,noun)",محدد
,enough,82,,"(adjective,adverb,interjection)",كافٍ
,long,82,,"(adjective,noun,adverb,verb)",طويل
,lot,82,,"(pronoun,adverb,noun,verb)",كثير
,hand,81,,"(noun,verb)",يُسلِّم
,popular,81,,(adjective),شائع
,small,81,,"(adjective,adverb)",صغير
,though,81,,"(conjunction,adverb)",رغم ذلك
,experience,80,,"(noun,verb)",خبرة
,include,80,,(verb),يشمل
,job,80,,"(noun,verb)",وظيفة
,music,80,,(noun),موسيقى
,person,80,,(noun),شخص
,really,79,,(adverb),حقًا
,although,78,,(conjunction),بالرغم من
,thank,78,,(verb),شكر
,book,77,,"(noun,verb)",كتاب
,early,77,,(adverb),مبكر
,reading,77,,(noun),قراءة
,end,76,,"(noun,verb)",نهاية
,method,76,,(noun),طريقة
,never,76,,(adverb),أبداً
,less,75,,"(adjective,adverb,preposition)",أقل
,play,75,,"(verb,noun)",يلعب
,able,74,,(adjective),قادر
,data,74,,(noun),بيانات
,feel,74,,"(verb,noun)",يشعر
,high,74,,"(adjective,noun,adverb)",عالي
,off,74,,"(adverb,preposition,adjective,noun)",عن
,point,74,,"(noun,verb)",نقطة
,type,74,,"(noun,verb)",يكتب
,whether,74,,(conjunction),سواء
,food,73,,(noun),طعام
,understanding,73,,(noun),فهم
,here,72,,"(adverb,interjection)",هنا
,home,72,,"(noun,adjective,adverb,verb)",بيت
,certain,71,,"(adjective,pronoun)",تأكيد
,economy,71,,"(noun,adjective)",اقتصاد
,little,71,,"(adjective,adverb)",قليل
,theory,71,,(noun),نظرية
,tonight,71,,"(adverb,noun)",الليلة
,law,70,,(noun),قانون
,put,70,,"(verb,noun)",يضع
,under,70,,"(preposition,adverb,adjective)",تحت
,value,70,,"(noun,verb)",قيمة
,always,69,,(adverb),دائماً
,body,69,,"(noun,verb)",جسم
,common,69,,"(adjective,noun)",شائع
,market,69,,"(noun,verb)",سوق
,set,69,,"(verb,noun,adjective)",تعيين
,bird,68,,(noun),طائر
,guide,68,,"(noun,verb)",مرشد
,provide,68,,(verb),يمد
,change,67,,"(verb,noun)",يتغير
,interest,67,,"(noun,verb)",اهتمام
,literature,67,,(noun),الأدب
,sometimes,67,,(adverb),أحيانا
,problem,66,,(noun),مشكلة
,say,66,,"(verb,interjection,noun)",يقول
,next,64,,"(adjective,adverb,noun)",التالي
,create,63,,(verb),يخلق
,simple,63,,"(adjective,noun)",بسيط
,software,63,,(noun),برمجة
,state,63,,"(noun,verb)",ولاية
,together,63,,(adverb),معاً
,control,62,,(noun),يتحكم
,knowledge,62,,(noun),معرفة
,power,62,,(noun),قوة
,radio,62,,"(noun,verb)",راديو
,ability,61,,(noun),قدرة
,basic,61,,(adjective),أساسي
,course,61,,"(noun,verb)",دورة
,economics,61,,(noun),الاقتصاد
,hard,61,,"(adjective,adverb)",صعب
,add,60,,(verb),يضيف
,company,60,,"(noun,verb)",شركة
,known,60,,(adjective),معروف
,love,60,,(noun),حب
,past,60,,"(adjective,noun,preposition,adverb)",ماضي
,price,60,,"(noun,verb)",سعر
,size,60,,"(noun,verb,adjective)",مقاس
,away,59,,"(adverb,adjective)",بعيد
,big,59,,"(adjective,noun)",كبير
,internet,59,,(noun),إنترنت
,possible,59,,"(adjective,noun)",ممكن
,television,59,,(noun),تلفزيون
,three,59,,(number),ثلاثة
,understand,59,,(verb),يفهم
,various,59,,(adjective),متنوع
,yourself,59,,(pronoun),نفسك
,card,58,,"(noun,verb)",بطاقة
,difficult,58,,(adjective),صعب
,including,58,,(preposition),مشتمل
,list,58,,"(noun,verb)",قائمة
,mind,58,,"(noun,verb)",عقل
,particular,58,,"(adjective,noun)",خاص
,,58,,"(adjective,adverb,noun)",#VALUE!
,science,58,,(noun),علوم
,trade,58,,"(noun,verb)",تجارة
,consider,57,,(verb),يعتبر
,either,57,,"(conjunction,adjective)",أيضاً
,library,57,,(noun),مكتبة
,likely,57,,(adverb),محتمل
,nature,57,,(noun),طبيعة
,fact,56,,(noun),حقيقة
,line,56,,"(noun,verb)",خط
,product,56,,(noun),منتج
,care,55,,"(noun,verb)",رعاية
,group,55,,"(noun,verb)",مجموعة
,idea,55,,(noun),فكرة
,risk,55,,"(noun,verb)",مخاطرة
,several,55,,(adjective),عديد
,someone,55,,(pronoun),شخص ما
,temperature,55,,(noun),درجة حرارة
,united,55,,(adjective),متحد
,word,55,,"(noun,verb,interjection)",كلمة
,fat,54,,"(noun,adjective,verb)",سمين
,force,54,,"(noun,verb)",قوة
,key,54,,"(noun,adjective,verb)",مفتاح
,light,54,,"(noun,verb,adjective)",ضوء
,simply,54,,(adverb),ببساطة
,today,54,,"(adverb,noun)",اليوم
,training,54,,"(noun,adjective)",تمرين
,until,54,,(preposition),حتى
,major,53,,"(adjective,noun,verb)",رئيسي
,name,53,,"(noun,verb,adjective)",اسم
,personal,53,,"(adjective,noun)",شخصي
,school,53,,"(noun,verb)",مدرسة
,top,53,,"(noun,adjective,verb)",قمة
,current,52,,"(adjective,noun)",حاضِر
,generally,52,,(adverb),عمومًا
,historical,52,,(adjective),تاريخي
,investment,52,,(noun),استثمار
,left,52,,"(adjective,adverb)",غادر
,national,52,,"(adjective,noun)",وطني
,amount,51,,"(noun,verb)",كمية
,level,51,,"(noun,adjective,verb)",مستوى
,order,51,,"(noun,verb)",طلب
,practice,51,,"(noun,verb)",يمارس
,research,51,,"(noun,verb)",بحث
,sense,51,,"(noun,verb)",حاسة
,service,51,,"(noun,verb)",خدمة
,area,50,,(noun),منطقة
,cut,50,,"(verb,noun)",يقطع
,hot,50,,(adjective),حار
,instead,50,,(adverb),بدلاً من
,least,50,,"(adjective,adverb)",الأقل
,natural,50,,"(adjective,noun,adverb)",طبيعي
,physical,50,,"(adjective,noun)",بدني
,piece,50,,"(noun,verb)",قطعة
,show,50,,"(verb,noun)",يعرض
,society,50,,(noun),مجتمع
,try,50,,"(verb,noun)",يحاول
,check,49,,"(verb,noun,interjection)",يفحص
,choose,49,,(verb),يختار
,develop,49,,(verb),يطور
,second,49,,"(number,noun)",ثانية
,useful,49,,(adjective),مفيد
,web,49,,"(noun,verb)",الويب
,activity,48,,(noun),نشاط
,boss,48,,"(noun,verb,adjective)",رئيس
,short,48,,"(adjective,adverb,noun,verb)",قصير
,story,48,,(noun),قصة
,call,47,,"(verb,noun)",يتصل
,industry,47,,(noun),صناعة
,last,47,,"(adjective,adverb,noun,verb)",آخر
,media,47,,(noun),وسائط
,mental,47,,(adjective),عقلي
,move,47,,"(verb,noun)",يتحرك
,pay,47,,"(verb,noun)",يدفع
,sport,47,,"(noun,verb)",رياضة
,thing,47,,(noun),شيء
,actually,46,,(adverb),في الحقيقة
,against,46,,(preposition),ضد
,far,46,,"(adverb,adjective)",بعيد
,fun,46,,"(noun,adjective,verb)",هزار
,house,46,,"(noun,adjective,verb)",منزل
,let,46,,"(verb,noun)",يترك
,page,46,,"(noun,verb)",صفحة
,remember,46,,(verb),يتذكر
,term,46,,"(noun,verb)",شرط
,test,46,,"(noun,verb)",امتحان
,within,46,,"(preposition,adverb)",داخل
,along,45,,"(preposition,adverb)",على امتداد
,answer,45,,"(noun,verb)",إجابة
,increase,45,,"(verb,noun)",يزيد
,oven,45,,(noun),فرن
,quite,45,,"(adverb,interjection)",تمامًا
,scared,45,,(adjective),مقدس
,single,45,,"(adjective,noun,verb)",أعزب
,sound,45,,"(noun,verb,adjective)",صوت
,again,44,,(adverb),مرة أخرى
,community,44,,(noun),مجتمع
,definition,44,,(noun),تعريف
,focus,44,,"(noun,verb)",ركز
,individual,44,,"(adjective,noun)",فردي
,matter,44,,"(noun,verb)",موضوع
,safety,44,,(noun),أمان
,turn,44,,"(verb,noun)",دور
,everything,43,,(pronoun),كل شئ
,kind,43,,"(noun,adjective)",عطوف
,quality,43,,(noun),جودة
,soil,43,,"(noun,verb)",تربة
,ask,42,,"(verb,noun)",بسأل
,board,42,,"(noun,verb)",سبورة
,buy,42,,"(verb,noun)",يشتري
,development,42,,(noun),تطوير
,guard,42,,"(verb,noun)",يحمي
,hold,42,,"(verb,noun)",يمسك
,language,42,,(noun),لغة
,later,42,,"(adverb,interjection)",لاحقاً
,main,42,,"(adjective,noun)",رئيسي
,offer,42,,"(verb,noun)",يعرض
,oil,42,,"(noun,verb)",زيت
,picture,42,,"(noun,verb)",صورة
,potential,42,,"(adjective,noun)",محتمل
,professional,42,,"(adjective,noun)",احترافي
,rather,42,,(adverb),بدلاً
,access,41,,"(noun,verb,adjective)",وصول
,additional,41,,(adjective),إضافي
,almost,41,,(adverb),بالكاد
,especially,41,,(adverb),خصوصاً
,garden,41,,"(noun,verb)",حديقة
,international,41,,"(adjective,noun)",دولي
,lower,41,,"(adjective,adverb)",أدنى
,management,41,,(noun),إدارة
,open,41,,"(adjective,verb,noun)",يفتح
,player,41,,(noun),لاعب
,range,41,,"(noun,verb)",يتراوح
,rate,41,,"(noun,verb)",معدل
,reason,41,,"(noun,verb)",سبب
,travel,41,,"(verb,noun)",يسافر
,variety,41,,(noun),متنوع
,video,41,,(noun),فيديو
,week,41,,(noun),أسبوع
,above,40,,"(adverb,preposition,adjective,noun)",فوق
,according,40,,"(adjective,verb)",حسب
,cook,40,,"(verb,noun)",يطبخ
,determine,40,,(verb),يحدد
,future,40,,"(noun,adjective)",مستقبل
,site,40,,"(noun,verb)",موقع
,alternative,39,,"(adjective,noun)",بديل
,demand,39,,"(noun,verb)",يطلب
,ever,39,,(adverb),أبدًا
,exercise,39,,"(noun,verb)",يمارس
,following,39,,"(preposition,noun,adjective)",التالي
,image,39,,"(noun,verb)",صورة
,quickly,39,,(adverb),بسرعة
,special,39,,"(adjective,noun)",خاص
,working,39,,"(adjective,noun)",عمل
,case,38,,"(noun,verb)",قضية
,cause,38,,"(noun,verb)",سبب
,coast,38,,"(noun,verb)",ساحل
,probably,38,,(adverb),من المحتمل
,security,38,,(noun),حماية
,TRUE,38,,"(adjective,adverb,verb)",حقيقي
,whole,38,,"(adjective,noun,adverb)",جميع
,action,37,,"(noun,adjective)",فعل
,age,37,,"(noun,verb)",عمر
,among,37,,(preposition),ضمن
,bad,37,,"(noun,adverb,adjective)",سيء
,boat,37,,"(noun,verb)",قارب
,country,37,,(noun),دولة
,dance,37,,"(verb,noun)",رقص
,exam,37,,(noun),امتحان
,excuse,37,,"(verb,noun)",عذر
,grow,37,,(verb),ينمو
,movie,37,,(noun),فيلم
,organization,37,,(noun),منظمة
,record,37,,"(noun,verb)",سِجِلّ
,result,37,,"(noun,verb)",نتيجة
,section,37,,"(noun,verb)",قسم
,across,36,,"(preposition,adverb,adjective)",عير
,already,36,,(adverb),بالفعل
,below,36,,(adverb),أقل
,building,36,,"(noun,verb)",مبنى
,mouse,36,,"(noun,verb)",الماوس
,allow,35,,(verb),يسمح
,cash,35,,"(noun,verb)",نقدي
,class,35,,"(noun,verb,adjective)",فصل
,clear,35,,"(adjective,adverb,verb)",واضح
,dry,35,,"(adjective,verb,noun)",جاف
,easy,35,,"(adjective,adverb,interjection)",سهل
,emotional,35,,(adjective),عاطفي
,equipment,35,,(noun),معدات
,live,35,,"(verb,adjective,adverb)",يعيش
,nothing,35,,"(noun,pronoun,adjective,adverb)",لا شئ
,period,35,,"(noun,adjective)",فترة
,physics,35,,(noun),الفيزياء
,plan,35,,"(noun,verb)",يخطط
,store,35,,"(noun,verb)",محل
,tax,35,,"(noun,verb)",ضريبة
,analysis,34,,(noun),تحليل
,cold,34,,"(adjective,noun,adverb)",بارد
,commercial,34,,"(adjective,noun)",تجاري
,directly,34,,(adverb),مباشرة
,full,34,,"(adjective,adverb,noun,verb)",ممتلىء
,involved,34,,"(past,verb)",متضمن
,itself,34,,(pronoun),نفسها
,low,34,,"(adjective,noun,adverb,verb)",قليل
,old,34,,(adjective),قديم
,policy,34,,(noun),سياسة
,political,34,,(adjective),سياسي
,purchase,34,,"(verb,noun)",شراء
,series,34,,(noun),مسلسل
,side,34,,"(noun,verb)",جانب
,subject,34,,"(noun,adjective,adverb,verb)",موضوع
,supply,34,,(verb),إمداد
,therefore,34,,(adverb),لذلك
,thought,34,,(noun),معتقد
,basis,33,,(noun),أساس
,boyfriend,33,,(noun),صديقها
,deal,33,,"(verb,noun)",اتفاق
,direction,33,,(noun),اتجاه
,mean,33,,"(verb,adjective,noun)",يقصد
,primary,33,,"(adjective,noun)",أساسي
,space,33,,"(noun,verb)",فضاء
,strategy,33,,(noun),استراتيجية
,technology,33,,(noun),تكنولوجيا
,worth,33,,"(adjective,noun)",يستحق
,army,32,,(noun),جيش
,camera,32,,(noun),آلة تصوير
,fall,32,,"(verb,noun)",يسقط
,freedom,32,,(noun),حرية
,paper,32,,(noun),ورق
,rule,32,,"(noun,verb)",قاعدة
,similar,32,,(adjective),مشابه
,stock,32,,"(noun,adjective,verb)",مخزون
,weather,32,,"(noun,verb)",طقس
,yet,32,,"(adverb,conjunction)",حتى الآن
,bring,31,,(verb),يحضر
,chance,31,,"(noun,adjective,verb)",فرصة
,environment,31,,(noun),بيئة
,everyone,31,,(pronoun),الجميع
,figure,31,,"(noun,verb)",شكل
,improve,31,,(verb),يحسن
,man,31,,"(noun,verb,interjection)",رجل
,model,31,,"(noun,verb)",نموذج
,necessary,31,,"(adjective,noun)",ضروري
,positive,31,,"(adjective,noun)",إيجابي
,produce,31,,"(verb,noun)",ينتج
,search,31,,"(verb,noun)",يبحث
,source,31,,"(noun,verb)",مصدر
,beginning,30,,"(noun,adjective,verb)",بداية
,child,30,,(noun),طفل
,earth,30,,"(noun,verb)",أرض
,else,30,,(adverb),آخر
,healthy,30,,(adjective),صحيح
,instance,30,,(noun),مثال
,maintain,30,,(verb),يحافظ على
,month,30,,(noun),شهر
,present,30,,"(adjective,noun,verb)",حاضر
,program,30,,"(noun,verb)",برنامج
,spend,30,,"(verb,noun)",ينفق
,talk,30,,"(verb,noun)",يتحدث
,truth,30,,(noun),حقيقة
,upset,30,,"(verb,adjective)",منزعج
,begin,29,,(verb),يبدأ
,chicken,29,,"(noun,adjective)",فرخة
,close,29,,"(adjective,adverb,verb,noun)",يغلق
,creative,29,,"(adjective,noun)",مبدع
,design,29,,"(noun,verb)",تصميم
,feature,29,,"(noun,verb)",ميزة
,financial,29,,(adjective),مالي
,head,29,,"(noun,adjective,verb)",رأس
,marketing,29,,(noun),تسويق
,material,29,,"(noun,adjective)",مادة
,medical,29,,(adjective),طبي
,purpose,29,,"(noun,verb)",غاية
,question,29,,"(noun,verb)",سؤال
,rock,29,,"(noun,verb)",صخر
,salt,29,,"(noun,adjective,verb)",ملح
,tell,29,,"(verb,noun)",يخبر
,themselves,29,,(pronoun),أنفسهم
,traditional,29,,(adjective),تقليدي
,university,29,,(noun),جامعة
,writing,29,,(noun),كتابة
,act,28,,"(noun,verb)",يمثل
,article,28,,(noun),شرط
,birth,28,,"(noun,verb)",الولادة
,car,28,,"(noun,adjective)",سيارة
,cost,28,,"(verb,noun)",يكلف
,department,28,,(noun),قسم
,difference,28,,(noun),اختلاف
,dog,28,,"(noun,verb)",كلب
,drive,28,,"(verb,noun)",يقود
,exist,28,,(verb),يخرج
,federal,28,,(adjective),الفيدرالية
,goal,28,,(noun),هدف
,green,28,,"(adjective,noun,verb)",أخضر
,late,28,,"(adjective,adverb,noun)",متأخر
,news,28,,(noun),أخبار
,object,28,,"(noun,verb)",هدف
,scale,28,,"(noun,verb)",حجم
,sun,28,,"(noun,verb)",شمس
,support,28,,"(verb,noun)",يدعم
,tend,28,,(verb),ينزع
,thus,28,,(adverb),هكذا
,audience,27,,(noun),جمهور
,enjoy,27,,(verb),يتمتع
,entire,27,,(adjective),كامل
,fishing,27,,(noun),صيد السمك
,fit,27,,"(adjective,verb,noun)",ملائم
,glad,27,,"(adjective,noun)",مسرور
,growth,27,,(noun),نمو
,income,27,,(noun),دخل
,marriage,27,,(noun),زواج
,note,27,,"(noun,verb)",ملحوظة
,perform,27,,(verb),يؤدي
,profit,27,,"(noun,verb)",ربح
,proper,27,,"(adjective,adverb,noun)",سليم
,related,27,,"(past,verb)",متعلق ب
,remove,27,,"(verb,noun)",يزيل
,rent,27,,"(noun,verb)",إيجار
,return,27,,"(verb,noun)",يعود
,run,27,,"(verb,noun)",يجري
,speed,27,,"(noun,verb)",سرعة
,strong,27,,(adjective),قوي
,style,27,,"(noun,verb)",أسلوب
,throughout,27,,(preposition),طَوَال
,user,27,,(noun),مستخدم
,war,27,,"(noun,verb)",حرب
,actual,26,,(adjective),فِعلي
,appropriate,26,,"(verb,adjective)",ملائم
,bank,26,,"(noun,verb)",بنك
,combination,26,,(noun),مزيج
,complex,26,,"(adjective,noun,verb)",معقد
,content,26,,"(adjective,verb,noun)",محتوى
,craft,26,,"(noun,verb)",حرفة
,due,26,,"(adjective,noun,adverb)",حق
,easily,26,,(adverb),بسهولة
,effective,26,,"(adjective,noun)",فعال
,eventually,26,,(adverb),مؤخراً
,exactly,26,,(adverb),بالضبط
,failure,26,,(noun),فشل
,half,26,,"(noun,predeterminer,adverb)",نصف
,inside,26,,"(noun,adjective,preposition)",داخل
,meaning,26,,(noun),معنى
,medicine,26,,(noun),الدواء
,middle,26,,"(adjective,noun)",وسط
,outside,26,,"(noun,adjective,preposition)",الخارج
,philosophy,26,,(noun),فلسفة
,regular,26,,"(adjective,noun)",عادي
,reserve,26,,"(verb,noun)",احتياطي
,standard,26,,"(noun,adjective)",معيار
,bus,25,,"(noun,verb)",حافلة
,decide,25,,(verb),يقرر
,exchange,25,,"(noun,verb)",تبادل
,eye,25,,"(noun,verb)",عين
,fast,25,,"(adjective,adverb,verb)",سريع
,fire,25,,"(noun,verb)",نار
,identify,25,,(verb),تعريف
,independent,25,,"(adjective,noun)",مستقل
,leave,25,,"(verb,noun)",يترك
,original,25,,"(adjective,noun)",إبداعي
,position,25,,"(noun,verb)",موضع
,pressure,25,,"(noun,verb)",ضغط
,reach,25,,"(verb,noun)",يصل
,rest,25,,"(verb,noun)",استراحة
,serve,25,,"(verb,noun)",يخدم
,stress,25,,"(noun,verb)",ضغط
,teacher,25,,(noun),مدرس
,watch,25,,"(verb,noun)",يشاهد
,wide,25,,"(adjective,adverb)",واسع
,advantage,24,,"(noun,verb)",ميزة
,beautiful,24,,"(adjective,noun,interjection)",جميل
,benefit,24,,"(noun,verb)",فائدة
,box,24,,"(noun,verb)",صندوق
,charge,24,,"(verb,noun)",تكلفة
,communication,24,,(noun),تواصل
,complete,24,,"(adjective,verb)",مكتمل
,continue,24,,(verb),يكمل
,frame,24,,"(noun,verb)",إطار
,issue,24,,"(noun,verb)",مشكلة
,limited,24,,"(past,verb)",محدود
,night,24,,(noun),ليلة
,protect,24,,(verb),يحمي
,require,24,,(verb),يتطلب
,significant,24,,(adjective),بارِز
,step,24,,"(noun,verb)",خطوة
,successful,24,,(adjective),ناجح
,unless,24,,(conjunction),إلا إذا
,active,23,,"(adjective,noun)",نشيط
,break,23,,"(verb,noun)",استراحة
,chemistry,23,,(noun),كيمياء
,cycle,23,,"(noun,verb)",دورة
,disease,23,,(noun),مرض
,disk,23,,(noun),القرص
,electrical,23,,(adjective),كهربائي
,energy,23,,(noun),طاقة
,expensive,23,,(adjective),غالي
,face,23,,"(noun,verb)",وجه
,interested,23,,"(past,verb)",مهتم
,item,23,,"(noun,adverb)",غرض
,metal,23,,"(noun,verb)",معدن
,nation,23,,(noun),أمة
,negative,23,,"(adjective,noun,interjection,verb)",سلبي
,occur,23,,(verb),يحدث
,paint,23,,"(noun,verb)",طلاء
,pregnant,23,,(adjective),حامل
,review,23,,"(noun,verb)",مراجعة
,road,23,,(noun),طريق
,role,23,,(noun),دور
,room,23,,"(noun,verb)",غرفة
,safe,23,,"(adjective,noun)",آمن
,screen,23,,"(noun,verb)",شاشة
,soup,23,,(noun),حساء
,stay,23,,"(verb,noun)",يقضي
,structure,23,,"(noun,verb)",بناء
,view,23,,"(noun,verb)",منظر
,visit,23,,"(verb,noun)",يزور
,visual,23,,"(adjective,noun)",مرئي
,write,23,,(verb),يكتب
,wrong,23,,"(adjective,adverb,noun,verb)",خطأ
,account,22,,"(noun,verb)",حساب
,advertising,22,,(noun),دعاية
,affect,22,,"(verb,noun)",يؤثر
,ago,22,,"(adjective,adverb)",منذ
,anyone,22,,(pronoun),أي شخص
,approach,22,,(verb),يقترب
,avoid,22,,(verb),يتجنب
,ball,22,,"(noun,verb)",كرة
,behind,22,,"(preposition,adverb,adjective,noun)",خلف
,certainly,22,,(adverb),بالتأكيد
,concerned,22,,"(past,verb)",قلقان
,cover,22,,"(verb,noun)",غطاء
,discipline,22,,"(noun,verb)",تأديب
,location,22,,(noun),موقع
,medium,22,,"(noun,adjective)",واسطة
,normally,22,,(adverb),عادة
,prepare,22,,(verb),يحضر
,quick,22,,"(adjective,adverb,noun)",سريع
,ready,22,,"(adjective,verb)",مستعد
,report,22,,"(verb,noun)",تقرير
,rise,22,,"(verb,noun)",يعلو
,share,22,,"(noun,verb)",يشارك
,success,22,,(noun),نجاح
,addition,21,,(noun),إضافة
,apartment,21,,(noun),شقة
,balance,21,,"(noun,verb)",توازن
,bit,21,,"(noun,verb)",قليل
,black,21,,"(noun,verb,adjective,adverb)",أسود
,bottom,21,,"(noun,verb,adjective)",قاع
,build,21,,(verb),يبني
,choice,21,,"(noun,adjective)",خيار
,education,21,,(noun),تعليم
,gift,21,,"(noun,verb)",هدية
,impact,21,,"(noun,verb)",تأثير
,machine,21,,"(noun,verb)",آلة
,math,21,,(noun),الرياضيات
,moment,21,,(noun),لحظة
,painting,21,,(noun),تلوين
,politics,21,,(noun),سياسة
,shape,21,,"(noun,verb)",شكل
,straight,21,,"(adjective,adverb,noun)",مستقيم
,tool,21,,"(noun,verb)",أداة
,walk,21,,"(verb,noun)",يمشي
,white,21,,"(adjective,noun,verb)",أبيض
,wind,21,,"(noun,verb)",رياح
,achieve,20,,(verb),يحقق
,address,20,,"(noun,verb)",عنوان
,attention,20,,(noun),انتباه
,average,20,,"(noun,verb,adjective)",متوسط
,believe,20,,(verb),يعتقد
,beyond,20,,"(preposition,noun)",وَرَاءَ
,career,20,,"(noun,verb,adjective)",حياة مهنية
,culture,20,,"(noun,verb)",ثقافة
,decision,20,,(noun),قرار
,direct,20,,"(adjective,adverb,verb)",مباشر
,event,20,,(noun),حدث
,excellent,20,,"(adjective,interjection)",ممتاز
,extra,20,,"(adjective,adverb,noun)",إضافي
,intelligent,20,,(adjective),ذكي
,interesting,20,,(adjective),مثير للاهتمام
,junior,20,,"(adjective,noun)",مبتدئ
,morning,20,,"(noun,adverb)",صباح
,pick,20,,"(verb,noun)",يختار
,poor,20,,(adjective),فقير
,pot,20,,"(noun,verb)",وعاء
,pretty,20,,"(adjective,adverb,noun,verb)",جميل
,property,20,,(noun),ملكية
,receive,20,,(verb),يستلم
,seem,20,,(verb),يبدو
,shopping,20,,(noun),التسوق
,sign,20,,"(noun,verb)",لافتة
,student,20,,(noun),طالب
,table,20,,"(noun,verb)",طاولة
,task,20,,"(noun,verb)",مهمة
,unique,20,,"(adjective,noun)",فريد
,wood,20,,(noun),خشب
,anything,19,,"(pronoun,noun,adverb)",أي شئ
,classic,19,,"(adjective,noun)",كلاسيكي
,competition,19,,(noun),مسابقة
,condition,19,,"(noun,verb)",حالة
,contact,19,,"(noun,verb)",اتصال
,credit,19,,"(noun,verb)",ائتمان
,currently,19,,(adverb),حالياً
,discuss,19,,(verb),يناقش
,distribution,19,,(noun),توزيع
,egg,19,,"(noun,verb)",بيضة
,entertainment,19,,(noun),ترفيه
,final,19,,"(adjective,noun)",أخير
,happy,19,,(adjective),سعيد
,hope,19,,"(noun,verb)",يأمل
,ice,19,,"(noun,verb)",الجليد
,lift,19,,"(verb,noun)",يرفع
,mix,19,,"(verb,noun)",مزج
,network,19,,"(noun,verb)",شبكة
,north,19,,"(noun,adjective,adverb)",شمال
,office,19,,(noun),مكتب
,overall,19,,"(adjective,adverb,noun)",إجمالي
,population,19,,(noun),سكان
,president,19,,(noun),رئيس
,private,19,,"(adjective,noun)",خاص
,realize,19,,(verb),يدرك
,responsible,19,,(adjective),مسؤول
,separate,19,,"(adjective,verb,noun)",متفرق
,square,19,,"(noun,adjective,adverb)",مربع
,stop,19,,"(verb,noun)",قف
,teach,19,,"(verb,noun)",تعليم
,unit,19,,(noun),وحدة
,western,19,,"(adjective,noun)",الغربي
,yes,19,,(interjection),نعم
,alone,18,,"(adjective,adverb)",وحيد
,attempt,18,,"(noun,verb)",محاولة
,category,18,,(noun),فئة
,cigarette,18,,(noun),سيجارة
,concern,18,,"(verb,noun)",هَم
,contain,18,,(verb),يحتوي
,context,18,,(noun),سياق
,cute,18,,(adjective),لطيف
,date,18,,"(noun,verb)",تاريخ
,effect,18,,"(noun,verb)",تأثير
,extremely,18,,(adverb),لأقصى حد
,familiar,18,,"(adjective,noun)",مألوف
,finally,18,,(adverb),أخيراً
,fly,18,,"(verb,noun)",سافر
,follow,18,,(verb),يتبع
,helpful,18,,(adjective),متعاون
,introduction,18,,(noun),مقدمة
,link,18,,"(noun,verb)",وصلة
,official,18,,"(adjective,noun)",رسمي
,opportunity,18,,(noun),فرصة
,perfect,18,,"(adjective,verb,noun)",ممتاز
,performance,18,,(noun),أداء
,post,18,,"(noun,verb,adverb)",بريد
,recent,18,,(adjective),مؤخرًا
,refer,18,,(verb),يشير إلى
,solve,18,,(verb),يحل
,star,18,,"(noun,verb)",نجم
,voice,18,,"(noun,verb)",صوت
,willing,18,,(adjective),راغب
,born,17,,"(verb,adjective,past particple)",وُلِدّ
,bright,17,,"(adjective,adverb,noun)",ساطع
,broad,17,,"(adjective,noun)",واسع
,capital,17,,"(noun,adjective)",عاصمة
,challenge,17,,"(noun,verb,adjective)",تحدي
,comfortable,17,,"(adjective,noun)",مريح
,constantly,17,,(adverb),باستمرار
,describe,17,,(verb),يصف
,despite,17,,(preposition),بالرغم من
,driver,17,,(noun),driver
,flat,17,,"(adjective,adverb,noun,verb)",مستوي
,flight,17,,(noun),رحلة جوية
,friend,17,,"(noun,verb)",صديق
,gain,17,,"(verb,noun)",يكسب
,him,17,,(pronoun),له
,length,17,,(noun),طول
,magazine,17,,(noun),مجلة
,maybe,17,,"(adverb,noun)",ربما
,newspaper,17,,(noun),صحيفة
,nice,17,,(adjective),لطيف - جيد
,prefer,17,,(verb),يفضل
,prevent,17,,(verb),يمنع
,properly,17,,(adverb),على وجه صحيح
,relationship,17,,(noun),علاقة
,rich,17,,"(adjective,noun)",ثري
,save,17,,"(verb,noun,preposition)",يحفظ
,self,17,,"(noun,pronoun,adjective,verb)",النفس
,shot,17,,"(noun,adjective)",طلقة
,soon,17,,(adverb),قريباً
,specifically,17,,(adverb),خاصة
,stand,17,,"(verb,noun)",يقف
,teaching,17,,(noun),تدريس
,warm,17,,"(adjective,verb)",دافيء
,wonderful,17,,(adjective),رائع
,young,17,,"(adjective,noun)",شاب
,ahead,16,,(adverb),قدما
,brush,16,,"(noun,verb)",فرشاة
,cell,16,,(noun),خلية
,couple,16,,"(noun,verb)",زوج
,daily,16,,(adverb),يوميًا
,dealer,16,,(noun),تاجر
,debate,16,,"(noun,verb)",مناظرة
,discover,16,,(verb),يكتشف
,ensure,16,,(verb),يضمن
,exit,16,,"(noun,verb)",مخرج
,expect,16,,(verb),يتوقع
,experienced,16,,"(past,verb)",ذوي الخبرة
,fail,16,,"(verb,noun)",يفشل
,finding,16,,(noun),العثور على
,front,16,,"(noun,adjective,verb,interjection)",أمام
,function,16,,"(noun,verb)",وظيفة
,heavy,16,,"(adjective,noun,adverb)",ثقيل
,hello,16,,"(interjection,noun)",مرحبًا
,highly,16,,(adverb),للغاية
,immediately,16,,(adverb),في الحال
,impossible,16,,(adjective),مستحيل
,invest,16,,(verb),يستثمر
,lack,16,,"(noun,verb)",نقص
,lake,16,,(noun),بحيرة
,lead,16,,"(verb,noun)",يقود
,listen,16,,"(verb,noun)",يستمع
,living,16,,"(noun,adjective)",معيشة
,member,16,,(noun),عضو
,message,16,,(noun),رسالة
,phone,16,,(noun),هاتف
,plant,16,,"(noun,verb)",نبات
,plastic,16,,"(noun,adjective)",بلاستيك
,reduce,16,,(verb),يقلل
,relatively,16,,(adverb),نسبياً
,scene,16,,(noun),مشهد
,serious,16,,(adjective),جاد
,slowly,16,,(adverb),ببطء
,speak,16,,(verb),يتكلم
,spot,16,,"(noun,verb)",بقعة
,summer,16,,"(noun,verb)",صيف
,taste,16,,"(noun,verb)",ذوق
,theme,16,,"(noun,verb)",سمة
,towards,16,,(preposition),تجاه
,track,16,,"(noun,verb)",مسار
,valuable,16,,"(adjective,noun)",قيّم
,whatever,16,,"(pronoun,adverb,interjection)",أيا كان
,wing,16,,"(noun,verb)",الجناح
,worry,16,,"(verb,noun)",يقلق
,appear,15,,(verb),يظهر
,appearance,15,,(noun),مظهر
,association,15,,(noun),منظمة
,brain,15,,"(noun,verb)",مخ
,button,15,,"(noun,verb)",زر
,click,15,,"(noun,verb)",انقر
,concept,15,,(noun),مفهوم
,correct,15,,"(adjective,verb)",صحيح
,customer,15,,(noun),عميل
,death,15,,(noun),موت
,desire,15,,"(noun,verb)",يرغب
,discussion,15,,(noun),مناقشة
,explain,15,,(verb),يشرح
,explore,15,,(verb),يستكشف
,express,15,,"(verb,adjective,adverb,noun)",يعبر
,fairly,15,,(adverb),إلى حد ما
,fixed,15,,"(past,verb)",مُثَبَّت
,foot,15,,"(noun,verb)",قدم
,gas,15,,"(noun,verb)",غاز
,handle,15,,"(verb,noun)",مقبض
,housing,15,,(noun),الإسكان
,huge,15,,(adjective),ضخم
,inflation,15,,(noun),تضخم اقتصادي
,influence,15,,"(noun,verb)",تأثير
,insurance,15,,(noun),تأمين
,involve,15,,(verb),يتضمن
,leading,15,,"(adjective,noun)",الرائدة
,lose,15,,(verb),يخسر
,meet,15,,"(verb,noun)",يقابل
,mood,15,,(noun),مزاج
,notice,15,,"(noun,verb)",يلاحظ
,primarily,15,,(adverb),في المقام الأول
,rain,15,,"(noun,verb)",مطر
,rare,15,,(adjective),نادر
,release,15,,"(verb,noun)",يطلق
,sell,15,,"(verb,noun)",يبيع
,slow,15,,"(adjective,adverb,verb)",بطيء
,technical,15,,(adjective),اِصطِلاحِيّ
,typical,15,,(adjective),عادي
,upon,15,,(preposition),على
,wall,15,,"(noun,verb)",حائط
,woman,15,,(noun),امرأة
,advice,14,,(noun),نصيحة
,afford,14,,(verb),يمنح
,agree,14,,(verb),يوافق
,base,14,,"(noun,verb,adjective)",قاعدة
,blood,14,,(noun),دم
,clean,14,,"(adjective,adverb,verb)",ينظف
,competitive,14,,(adjective),تنافسي
,completely,14,,(adverb),بالكامل
,critical,14,,(adjective),شديد الأهمية
,damage,14,,"(noun,verb)",ضرر
,distance,14,,"(noun,verb)",مسافة
,effort,14,,(noun),جهد
,electronic,14,,(adjective),إلكتروني
,expression,14,,(noun),تعبير
,feeling,14,,"(noun,adjective)",إحساس
,finish,14,,"(verb,noun)",ينهي
,fresh,14,,"(adjective,adverb)",طازج
,hear,14,,(verb),يسمع
,immediate,14,,(adjective),مباشر
,importance,14,,(noun),أهمية
,normal,14,,"(adjective,noun)",طبيعي
,opinion,14,,(noun),رأي
,otherwise,14,,"(adverb,adjective)",خلاف ذلك
,pair,14,,"(noun,verb)",زوج
,payment,14,,(noun),قسط
,plus,14,,"(preposition,adjective,noun,conjunction)",زائد
,press,14,,"(verb,noun)",يضعط
,reality,14,,(noun),الواقع
,remain,14,,(verb),يبقى
,represent,14,,(verb),يمثل
,responsibility,14,,(noun),مسؤولية
,ride,14,,"(verb,noun)",يركب
,savings,14,,"(noun,adjective,preposition)",المدخرات
,secret,14,,"(adjective,noun)",سر
,situation,14,,(noun),الموقف
,skill,14,,(noun),مهارة
,spread,14,,"(verb,noun)",الانتشار
,spring,14,,"(verb,noun)",ربيع
,staff,14,,"(noun,verb)",طاقم عمل
,statement,14,,(noun),إفادة
,sugar,14,,"(noun,verb)",سكر
,target,14,,"(noun,verb)",هدف
,text,14,,"(noun,verb)",نص
,tough,14,,"(adjective,noun)",قاسٍ
,ultimately,14,,(adverb),أخيرًا
,wait,14,,"(verb,noun)",انتظر
,wealth,14,,(noun),ثروة
,whenever,14,,"(conjunction,adverb)",حينما
,whose,14,,(pronoun),لمن
,widely,14,,(adverb),على نطاق واسع
,animal,13,,"(noun,adjective)",حيوان
,application,13,,(noun),طلب
,apply,13,,(verb),يتقدم
,author,13,,"(noun,verb)",مؤلف
,aware,13,,(adjective),واعي
,brown,13,,"(adjective,noun,verb)",بني
,budget,13,,"(noun,adjective,verb)",ميزانية
,cheap,13,,"(adjective,adverb)",رخيص
,city,13,,(noun),مدينة
,complicated,13,,"(past,verb)",معقد
,county,13,,(noun),مقاطعة
,deep,13,,"(adjective,noun,adverb)",عميق
,depth,13,,(noun),عمق
,discount,13,,"(noun,verb,adjective)",تخفيض
,display,13,,"(verb,noun)",عرض
,educational,13,,(adjective),تعليمية
,environmental,13,,(adjective),بيئية
,estate,13,,(noun),العقارات
,file,13,,"(noun,verb)",ملف
,flow,13,,"(verb,noun)",تدفق
,forget,13,,(verb),ينسى
,foundation,13,,(noun),مؤسسة
,global,13,,(adjective),عالمي
,grandmother,13,,(noun),جدة
,ground,13,,"(noun,verb,adjective)",أرضي
,heart,13,,(noun),قلب
,hit,13,,"(verb,noun)",يضرب
,legal,13,,(adjective),قانوني
,lesson,13,,"(noun,verb)",درس
,minute,13,,"(noun,adjective,verb)",دقيقة
,near,13,,"(adverb,preposition,adjective,verb)",قريب
,objective,13,,"(adjective,noun)",موضوعي
,officer,13,,"(noun,verb)",ضابط
,perspective,13,,(noun),وجهة نظر
,phase,13,,"(noun,verb)",مرحلة
,photo,13,,(noun),صورة
,recently,13,,(adverb),حديثاً
,recipe,13,,(noun),وصفة
,recommend,13,,(verb),يوصي
,reference,13,,"(noun,verb,adjective)",مرجع
,register,13,,"(noun,verb)",يسجل
,relevant,13,,(adjective),مناسب
,rely,13,,(verb),يعتمد
,secure,13,,"(adjective,verb)",يؤمن
,seriously,13,,(adverb),بجد
,shoot,13,,"(verb,noun,interjection)",تبادل لاطلاق النار
,sky,13,,"(noun,verb)",سماء
,stage,13,,"(noun,verb)",منصة
,stick,13,,"(noun,verb)",يلزق
,studio,13,,(noun),studio
,thin,13,,"(adjective,adverb,verb)",رفيع
,title,13,,"(noun,verb)",عنوان
,topic,13,,(noun),عنوان
,touch,13,,"(verb,noun)",يلمس
,trouble,13,,"(noun,verb)",مشكلة
,vary,13,,(verb),يتغير
,accurate,12,,(adjective),دقيق
,advanced,12,,"(past,verb,adjective,noun)",متقدم
,bowl,12,,"(noun,verb)",صَحن
,bridge,12,,"(noun,verb)",كوبري
,campaign,12,,"(noun,verb)",حملة
,cancel,12,,"(verb,noun)",يلغي
,capable,12,,(adjective),قادر
,character,12,,"(noun,adjective,verb)",شخصية
,chemical,12,,"(adjective,noun)",كيميائية
,club,12,,"(noun,verb)",club
,collection,12,,(noun),مجموعة
,cool,12,,"(adjective,adverb,noun,verb)",رائع
,cry,12,,"(verb,noun,idiom)",يبكي
,dangerous,12,,(adjective),خطير
,depression,12,,(noun),اكتئاب
,dump,12,,"(verb,noun,idiom)",أحمق
,edge,12,,"(noun,verb,idiom)",حافة
,evidence,12,,"(noun,verb,idiom)",شهادة
,extreme,12,,"(adjective,noun)",أقصى
,fan,12,,"(noun,verb,idiom)",معجب
,frequently,12,,(adverb),مرارًا
,fully,12,,(adverb),بالكامل
,generate,12,,(verb),يولد
,imagination,12,,(noun),الخيال
,letter,12,,"(noun,verb,idiom)",خطاب
,lock,12,,"(noun,verb,idiom)",قفل
,maximum,12,,"(noun,adjective)",الحد الأقصى
,mostly,12,,(adverb),في الغالب
,myself,12,,(pronoun),نفسي
,naturally,12,,(adverb),بشكل طبيعي
,nearly,12,,(adverb),تقريبا
,novel,12,,"(noun,adjective)",رواية
,obtain,12,,(verb),يحصل على
,occasionally,12,,(adverb),أحياناً
,option,12,,"(noun,verb)",خيار
,organized,12,,"(past,verb)",منظمة
,pack,12,,"(noun,verb,adjective,idiom)",علية
,park,12,,"(noun,verb)",حديقة
,passion,12,,(noun),عاطفة
,percentage,12,,(noun),نسبة مئوية
,plenty,12,,"(noun,adjective,adverb)",كثير
,push,12,,"(verb,noun,idiom)",يدفع
,quarter,12,,"(noun,verb,adjective)",ربع
,resource,12,,(noun),الموارد
,select,12,,"(verb,adjective)",يختار
,setting,12,,(noun),جلسة
,skin,12,,"(noun,verb)",جلد
,sort,12,,"(noun,verb)",نوع
,weight,12,,"(noun,verb)",وزن
,accept,11,,(verb),يقبل
,ad,11,,(noun),إعلان
,agency,11,,(noun),وكالة
,baby,11,,"(noun,verb,adjective)",طفل
,background,11,,"(noun,adjective)",خلفية
,carefully,11,,(adverb),بعناية
,carry,11,,"(noun,verb)",يحمل
,clearly,11,,(adverb),بوضوح
,college,11,,(noun),كلية
,communicate,11,,(verb),يتواصل
,complain,11,,(verb),يشتكي
,conflict,11,,"(verb,noun)",صراع
,connection,11,,(noun),اتصال
,criticism,11,,(noun),نقد
,debt,11,,(noun),دَين
,depend,11,,(verb),تعتمد
,description,11,,(noun),وصف
,die,11,,"(verb,idiom)",يموت
,dish,11,,"(noun,verb,idiom)",طبق
,dramatic,11,,(adjective),دراماتيكي
,eat,11,,"(verb,noun,idiom)",يأكل
,efficient,11,,(adjective),فعال
,enter,11,,(verb),يدخل
,essentially,11,,(adverb),في الأساس
,exact,11,,"(adjective,verb)",بالضبط
,factor,11,,"(noun,verb)",عامل
,fair,11,,"(adjective,adverb,noun,idiom)",عدل
,fill,11,,"(verb,noun,idiom)",يملأ
,fine,11,,"(adjective,adverb,verb,noun)",بخير
,formal,11,,"(adjective,noun,adverb)",رَسمِيّ
,forward,11,,"(adverb,adjective,noun,verb)",إلى الأمام
,fruit,11,,"(noun,verb)",الفاكهة
,glass,11,,"(noun,adjective,verb)٥",زجاج
,happen,11,,(verb),يحدث
,indicate,11,,(verb),يشير
,joint,11,,"(noun,adjective,verb,idiom)",مشترك
,jump,11,,"(verb,noun,adjective,adverb)",القفز
,kick,11,,"(verb,noun,idiom)",ركلة
,master,11,,"(noun,adjective,verb)",يتقن
,memory,11,,(noun),ذاكرة
,muscle,11,,"(noun,verb,adjective)",عضلة
,opposite,11,,"(adjective,noun,preposition,adverb)",عكس
,pass,11,,"(verb,noun,idiom)",يمر
,patience,11,,(noun),الصبر
,pitch,11,,"(verb,noun)",يقذف
,possibly,11,,(adverb),ربما
,powerful,11,,(adjective),قوي
,red,11,,"(noun,adjective,idiom)",أحمر
,remote,11,,"(adjective,noun)",بعيد
,secretary,11,,(noun),سكرتير
,slightly,11,,(adverb),طفيف
,solution,11,,(noun),حل
,somewhat,11,,(adverb),إلى حد ما
,strength,11,,"(noun,idiom)",قوة
,suggest,11,,(verb),يقترح
,survive,11,,(verb),ينجو
,total,11,,"(adjective,noun,verb)",المجموع
,traffic,11,,"(noun,verb)",مرور
,treat,11,,"(verb,noun)",يعامل
,trip,11,,"(noun,verb,idiom)",رحلة
,vast,11,,"(adjective,noun)",واسع
,vegetable,11,,"(noun,adjective)",نباتي
,abuse,10,,"(verb,noun)",إساءة
,administration,10,,(noun),إدارة
,appeal,10,,"(noun,verb)",جاذبية
,appreciate,10,,(verb),يُقَدِّر
,aspect,10,,(noun),وجه
,attitude,10,,(noun),سلوك
,beat,10,,"(verb,noun,adjective)",يهزم
,burn,10,,"(verb,noun)",يحرق
,chart,10,,"(noun,verb)",جدول
,compare,10,,(verb),يقارن
,deposit,10,,"(verb,noun)",إيداع
,director,10,,(noun),مخرج
,equally,10,,(adverb),على قدم المساواة
,foreign,10,,(adjective),أجنبي
,gear,10,,"(noun,verb,adjective,idiom)",والعتاد
,greatly,10,,(adverb),إلى حد كبير
,hungry,10,,(adjective),جائع
,ideal,10,,"(noun,adjective)",مثالي
,imagine,10,,(verb),يتصور
,kitchen,10,,"(noun,adjective)",مطبخ
,land,10,,"(noun,verb,idiom)",أرض
,log,10,,"(noun,verb)",سجل
,lost,10,,"(adjective,verb,idiom)",ضائع
,manage,10,,(verb),يدير
,mother,10,,"(noun,adjective,verb,idiom)",الأم
,necessarily,10,,(adverb),بالضرورة
,net,10,,"(noun,verb)",شبكة
,party,10,,"(noun,adjective,verb)",حزب
,personality,10,,(noun),شخصية
,personally,10,,(adverb),شخصيا
,practical,10,,(adjective),عملي
,principle,10,,"(noun,idiom)",مبدأ
,print,10,,"(verb,noun,adjective,idiom)",مطبعة
,psychological,10,,(adjective),نفسية
,psychology,10,,(noun),علم النفس
,raise,10,,"(verb,noun,idiom)",يرفع
,rarely,10,,(adverb),نادرًا
,recommendation,10,,(noun),توصية
,regularly,10,,(adverb),بانتظام
,relative,10,,"(noun,adjective)",نسبي
,response,10,,(noun),إجابة
,sale,10,,"(noun,idiom)",أُوكَازيُون
,season,10,,"(noun,verb,idiom)",موسم
,selection,10,,(noun),اختيار
,severe,10,,(adjective),شديد
,signal,10,,"(noun,adjective,verb)",إشارة
,similarly,10,,(adverb),بصورة مماثلة
,sleep,10,,"(verb,noun,idiom)",ينام
,smooth,10,,"(adjective,adverb,verb,noun)",سلس
,somewhere,10,,"(adverb,noun)",مكان ما
,spirit,10,,"(noun,verb,idiom)",روح
,storage,10,,(noun),تخزين
,street,10,,"(noun,adjective,idiom)",شارع
,suitable,10,,(adjective),مناسب
,tree,10,,"(noun,verb,idiom)",شجرة
,version,10,,(noun),إصدار
,wave,10,,"(noun,verb,idiom)",موجة
,advance,9,,"(verb,noun,adjective)",يتقدم
,alcohol,9,,(noun),الكحول
,anywhere,9,,"(adverb,noun)",في أي مكان
,argument,9,,(noun),دعوى
,basically,9,,(adverb),أساسًا
,belt,9,,"(noun,verb)",حزام
,bench,9,,"(noun,verb)",مقعد
,closed,9,,"(past,verb)",مغلق
,closely,9,,(adverb),عن كثب
,commission,9,,"(noun,verb)",عمولة
,complaint,9,,(noun),شكوى
,connect,9,,"(verb,adjective)",يتصل
,consist,9,,"(verb,noun)",تتكون
,contract,9,,(noun),عقد
,contribute,9,,"(verb,idiom)",يساهم
,copy,9,,"(noun,verb,idiom)",ينسخ
,dark,9,,"(adjective,noun,idiom)",مظلم
,differ,9,,(verb),تختلف
,double,9,,"(adjective,noun,verb,adverb)",مزدوج
,draw,9,,"(verb,noun,idiom)",يرسم
,drop,9,,"(noun,verb)",يسقط
,effectively,9,,(adverb),بشكل فعال
,emphasis,9,,(noun),توكيد
,encourage,9,,(verb),يشجع
,equal,9,,"(adjective,noun,verb)",متساوي
,everybody,9,,(pronoun),الجميع
,expand,9,,(verb),يوسع
,firm,9,,"(adjective,verb,adverb,noun)",حازم
,fix,9,,"(verb,noun,idiom)",يصلح
,frequent,9,,"(adjective,verb)",متكرر
,highway,9,,(noun),الطريق السريع
,hire,9,,"(verb,noun,adjective,idiom)",يؤجر
,initially,9,,(adverb),بدءًا
,internal,9,,"(adjective,noun)",داخلي
,join,9,,"(verb,noun)",ينضم
,kill,9,,"(verb,noun,idiom)",قتل
,literally,9,,(adverb),حرفياً
,loss,9,,(noun),خسارة
,mainly,9,,(adverb),خاصة
,membership,9,,(noun),عضوية
,merely,9,,(adverb),مُجَرّد
4,minimum,9,,"(noun,adjective)",الحد الأدنى
,numerous,9,,(adjective),عديد
,path,9,,"(noun,idiom)",طريق
,possession,9,,(noun),تملُّك
,preparation,9,,(noun),تحضير
,progress,9,,"(noun,verb,idiom)",تقدم
,project,9,,"(noun,verb)",مشروع
,prove,9,,(verb),يثبت
,react,9,,(verb),رد فعل
,recognize,9,,(verb),يتعرف على
,relax,9,,(verb),يستريح
,replace,9,,(verb),يستبدل
,sea,9,,"(noun,adjective,idiom)",بحر
,sensitive,9,,"(adjective,noun)",حساس
,sit,9,,"(verb,idiom)",يجلس
,south,9,,"(noun,adjective,adverb,verb)",جنوب
,status,9,,"(noun,adjective)",حالة
,steak,9,,(noun),شريحة لحم
,stuff,9,,"(noun,verb)",أشياء
,sufficient,9,,(adjective),كافٍ
,tap,9,,"(verb,noun)",مقبض
,ticket,9,,"(noun,verb,idiom)",تذكرة
,tour,9,,"(noun,verb)",رحلة
,union,9,,(noun),الاتحاد
,unusual,9,,(adjective),غير عادي
,win,9,,"(verb,noun)",يفوز
,agreement,8,,(noun),اتفاق
,angle,8,,"(noun,verb)",زاوية
,attack,8,,"(verb,noun)",هجوم
,blue,8,,"(noun,verb,adjective)",أزرق
,borrow,8,,(verb),يستعير
,breakfast,8,,"(noun,verb)",إفطار
,cancer,8,,(noun),سرطان
,claim,8,,"(verb,noun)",مطالبة
,confidence,8,,"(noun,idiom)",ثقة
,consistent,8,,(adjective),ثابت
,constant,8,,"(adjective,noun)",ثابت
,cultural,8,,(adjective),ثقافية
,currency,8,,(noun),عملة
,daughter,8,,"(noun,adjective)",بنت
,degree,8,,"(noun,idiom)",درجة
,doctor,8,,"(noun,verb)",طبيب
,dot,8,,"(noun,verb,idiom)",نقطة
,drag,8,,"(verb,noun,adjective,idiom)",يجر
,dream,8,,"(noun,verb,adjective)",حلم
,drink,8,,"(verb,noun)",شرب
قال,duty,8,,"(noun,idiom)",واجب
,earn,8,,(verb),يكسب
,emphasize,8,,(verb),يؤكد
,employment,8,,(noun),توظيف
,enable,8,,(verb),يُمكَِن
,engineering,8,,(noun),هندسة
,entry,8,,(noun),دخول
,essay,8,,"(noun,verb)",مقال
,existing,8,,(adjective),موجود
,famous,8,,(adjective),مشهور
,father,8,,"(noun,verb)",أب
,fee,8,,"(noun,verb)",مصاريف
,finance,8,,"(noun,verb)",تمويل
,gently,8,,(adverb),بلطف
,guess,8,,"(verb,noun,idiom)",يخمن
,hopefully,8,,(adverb),أملاً
,hour,8,,"(noun,adjective,idiom)",ساعة
,interaction,8,,(noun),تفاعل
,juice,8,,"(noun,verb,idiom)",عصير
,limit,8,,"(noun,verb)",حد
,luck,8,,"(noun,verb,idiom)",حظ
,milk,8,,"(noun,verb,idiom)",لبن
,minor,8,,"(adjective,noun,verb)",صغير
,mixed,8,,"(past,verb)",مختلط
,mouth,8,,"(noun,verb,idiom)",فم
,nor,8,,(conjunction),ولا
,operate,8,,(verb),تعمل
,originally,8,,(adverb),أصلا
,peace,8,,"(noun,interjection,verb,idiom)",سلام
,pipe,8,,"(noun,verb)",ماسورة
,please,8,,"(adverb,verb,idiom)",لو سمحت
,preference,8,,(noun),التفضيل
,mixture,8,,(noun),خليط
,previous,8,,"(adjective,idiom)",سابق
,pull,8,,"(verb,noun)",يحذب
,pure,8,,(adjective),نقي
,raw,8,,"(adjective,noun,idiom)",خام
,reflect,8,,(verb),يعكس
,region,8,,(noun),منطقة
,republic,8,,(noun),جمهورية
,roughly,8,,(adverb),تقريبا
,seat,8,,"(noun,verb)",مقعد
,send,8,,(verb),يرسل
,significantly,8,,(adverb),بشكل كبير
,soft,8,,"(adjective,noun,adverb,interjection)",ناعم
,solid,8,,"(adjective,noun)",صلب
,stable,8,,"(noun,verb)",مستقر
,storm,8,,"(noun,verb,idiom)",عاصفة
,substance,8,,"(noun,idiom)",مادة
,team,8,,"(noun,verb,adjective)",فريق
,tradition,8,,(noun),التقليد
,trick,8,,"(noun,adjective,verb,idiom)",حيلة
,virus,8,,(noun),فايروس
,wear,8,,"(verb,noun,idiom)",يرتدي
,weird,8,,"(adjective,noun)",غريب
,wonder,8,,"(verb,noun,idiom)",يتعجب
,actor,7,,(noun),ممثل
,afraid,7,,(adjective),خائف
,afternoon,7,,"(noun,adjective)",بعد الظهر
,amazing,7,,"(adjective,verb)",مدهش
,annual,7,,"(adjective,noun)",سنوي
,anticipate,7,,(verb),يتوقع
,assume,7,,(verb),يفترض
,bat,7,,"(noun,verb)",الخفافيش
,beach,7,,"(noun,verb)",شاطئ
,blank,7,,"(noun,verb,adjective)",فارغ
,busy,7,,"(adjective,verb)",مشغول
,catch,7,,"(noun,verb)",يمسك
,chain,7,,"(noun,verb)",سلسلة
,classroom,7,,(noun),الفصول الدراسية
,consideration,7,,"(noun,idiom)",اعتبار
,count,7,,"(verb,noun,adjective,idiom)",عدد
,cream,7,,"(noun,verb,adjective,idiom)",كريم
,crew,7,,"(noun,verb)",طاقم
,dead,7,,"(adjective,noun,adverb,idiom)",ميت
,delivery,7,,(noun),توصيل
,detail,7,,"(noun,verb,idiom)",التفاصيل
,detailed,7,,"(past,verb)",مفصل
,device,7,,(noun),جهاز
,difficulty,7,,(noun),صعوبة
,doubt,7,,"(verb,noun,idiom)",شك
,drama,7,,(noun),دراما
,election,7,,(noun),انتخاب
,engage,7,,(verb),يخطب
,engine,7,,(noun),محرك
,enhance,7,,(verb),يحسن
,examine,7,,(verb),يفحص
,FALSE,7,,"(adjective,adverb,idiom)",خطأ شنيع
,feed,7,,"(verb,noun,idiom)",يٌطعم
,football,7,,(noun),كرة القدم
,forever,7,,"(adverb,noun,idiom)",للأبد
,gold,7,,"(noun,adjective)",ذهب
,guidance,7,,(noun),إرشاد
,hotel,7,,(noun),الفندق
,impress,7,,"(verb,noun)",إقناع
,install,7,,(verb),ثَبَّتَ
,interview,7,,"(noun,verb)",مقابلة
,kid,7,,"(noun,verb,adjective)",طفل
,mark,7,,"(noun,verb,idiom)",علامة
,match,7,,"(noun,verb)",مباراة
,mission,7,,"(noun,adjective)",مهمة
,nobody,7,,"(pronoun,noun)",لا أحد
,obvious,7,,(adjective),بديهي
,ourselves,7,,(pronoun),أنفسنا
,owner,7,,(noun),مالك
,pain,7,,"(noun,verb,idiom)",ألم
,participate,7,,(verb),يشارك
,pleasure,7,,"(noun,verb)",سرور
,priority,7,,(noun),أولوية
,protection,7,,(noun),حماية
,repeat,7,,"(verb,noun)",يكرر
,round,7,,"(adjective,noun,adverb,verb)",دائري
,score,7,,"(noun,verb,idiom)",نتيجة
,screw,7,,"(noun,verb,idiom)",أفسد
,seek,7,,"(verb,idiom)",يطلب
,sex,7,,"(noun,verb,idiom)",الجنس
,sharp,7,,"(adjective,verb,adverb,noun)",حاد
,shop,7,,"(noun,verb,interjection,idiom)",محل
,shower,7,,"(noun,verb,idiom)",دش
,sing,7,,"(verb,noun)",يغني
,slide,7,,"(verb,noun,idiom)",شريحة
,strip,7,,"(verb,noun)",يجرد
,suggestion,7,,(noun),اقتراح
,suit,7,,"(noun,verb,idiom)",بدلة
,tension,7,,(noun),توتر
,thick,7,,"(adjective,adverb,noun,idiom)",سميك
,tone,7,,"(noun,verb)",نغمة
,totally,7,,(adverb),تماما
,twice,7,,(adverb),مرتين
,variation,7,,(noun),تفاوت
,whereas,7,,"(conjunction,noun)",بينما
,window,7,,"(noun,verb)",نافذة
,wise,7,,"(adjective,verb,idiom)",حكيم
,wish,7,,"(verb,noun)",يتمنى
,agent,6,,"(noun,adjective,verb)",عامل
,anxiety,6,,(noun),قلق
,atmosphere,6,,(noun),أَجواء
,awareness,6,,(noun),وعي
,band,6,,"(noun,verb)",فرقة
,bath,6,,(noun),حمام
,block,6,,"(noun,verb)",حاجز
,bone,6,,"(noun,verb,adverb)",عظم
,bread,6,,(noun),خبز
,calendar,6,,"(noun,verb)",تقويم
,candidate,6,,(noun),مُرَشَّح
,cap,6,,"(noun,verb)",كاب
,careful,6,,(adjective),حذرا
,climate,6,,(noun),مناخ
,coat,6,,"(noun,verb)",معطف
,collect,6,,"(verb,adverb,noun)",يجمع
,combine,6,,"(verb,noun)",يجمع
,command,6,,"(verb,noun)",يأمر
,comparison,6,,(noun),مقارنة
,confusion,6,,(noun),ارتباك
,construction,6,,(noun),بناء
,contest,6,,"(noun,verb)",منافسة
,corner,6,,"(noun,adjective,verb,idiom)",ركن
,court,6,,"(noun,verb,idiom)",محكمة
,cup,6,,"(noun,verb)",كوب
,dig,6,,"(verb,noun)",حفر
,district,6,,"(noun,verb)",يصرف
,divide,6,,"(verb,noun)",تقسيم
,door,6,,"(noun,idiom)",باب
,east,6,,"(noun,adjective,adverb)",شرق
,elevator,6,,(noun),مصعد
,elsewhere,6,,(adverb),في مكان آخر
,emotion,6,,(noun),العاطفة
,employee,6,,(noun),موظف
,employer,6,,(noun),صاحب العمل
,equivalent,6,,"(adjective,noun)",مقابل
,everywhere,6,,(adverb),في كل مكان
,except,6,,"(preposition,conjunction,idiom)",يستثني
,finger,6,,"(noun,verb,idiom)",إصبع
,garage,6,,"(noun,verb)",المرآب
,guarantee,6,,"(noun,verb)",يضمن
,guest,6,,(noun),ضيف
,hang,6,,"(verb,noun,idiom)",يشنق
,height,6,,(noun),ارتفاع
,himself,6,,(pronoun),نفسه
,hole,6,,"(noun,verb,idiom)",فتحة
,hook,6,,"(noun,verb,idiom)",خطاف
,hunt,6,,"(verb,noun)",مطاردة
,implement,6,,"(noun,verb)",ينفذ
,initial,6,,"(adjective,noun,verb)",أولي
,intend,6,,(verb),ينوي
,introduce,6,,(verb),يقدم
,latter,6,,(adjective),أخير
,layer,6,,"(noun,verb)",طبقة
,leadership,6,,(noun),قيادة
,lecture,6,,"(noun,verb)",محاضرة
,lie,6,,"(noun,verb,idiom)",كذب
,mall,6,,(noun),مول
,manager,6,,(noun),مدير
,manner,6,,"(noun,idiom)",طريقة
,march,6,,"(verb,noun,idiom)",يمشي
,married,6,,"(past,verb,adjective,noun)",متزوج
,meeting,6,,"(noun,idiom)",مقابلة
,mention,6,,"(verb,noun,idiom)",يذكر
,narrow,6,,"(adjective,verb,noun)",ضيق
,nearby,6,,"(adjective,adverb)",قريب
,neither,6,,"(conjunction,adjective,pronoun)",لا
,nose,6,,"(noun,verb,idiom)",أنف
,obviously,6,,(adverb),بوضوح
,operation,6,,(noun),عملية
,parking,6,,"(noun,adjective)",وقوف السيارات
,partner,6,,"(noun,verb)",شريك
,perfectly,6,,(adverb),تماما
,physically,6,,(adverb),جسديا
,profile,6,,"(noun,verb)",حساب تعريفي
,proud,6,,"(adjective,idiom)",فخور
,recording,6,,(noun),تسجيل
,relate,6,,(verb),يتصل
,respect,6,,"(noun,verb)",احترام
,rice,6,,"(noun,verb)",أرز
,routine,6,,"(noun,adjective)",روتين
,sample,6,,(noun),عينة
,schedule,6,,"(noun,verb)",جدول
,settle,6,,(verb),يستقر
,smell,6,,"(verb,noun)",يشم
,somehow,6,,"(adverb,idiom)",بطريقة أو بأخرى
,spiritual,6,,"(adjective,noun)",روحي
,survey,6,,"(verb,noun)",استطلاع
,swimming,6,,"(noun,adjective)",سباحة
,telephone,6,,"(noun,verb)",هاتف
,tie,6,,"(verb,noun,idiom)",رَابِطَة
,tip,6,,"(noun,verb)",نصيحة
,transportation,6,,(noun),مواصلات
,unhappy,6,,(adjective),تعيس
,wild,6,,"(adjective,adverb,noun,idiom)",بري
,winter,6,,"(noun,adjective,verb)",شتاء
,absolutely,5,,"(adverb,interjection)",قطعاً
,acceptable,5,,(adjective),مقبول
,adult,5,,"(adjective,noun)",بالغ
,aggressive,5,,(adjective),عنيف
,airline,5,,"(noun,adjective)",شركة طيران
,apart,5,,"(adjective,adverb)",منفصل
,assure,5,,(verb),أؤكد
,attract,5,,(verb),جذب
,bag,5,,"(noun,verb)",شنطة
,battle,5,,"(noun,verb)",معركة
,bed,5,,"(noun,verb)",سرير
,bill,5,,"(noun,verb)",فاتورة
,boring,5,,(adjective),ممل
,bother,5,,"(noun,verb)",يزعج
,brief,5,,"(adjective,noun,verb)",مختصر
,cake,5,,"(noun,verb)",كعكة
,charity,5,,(noun),صدقة
,code,5,,"(noun,verb)",شفرة
,cousin,5,,(noun),ابن عم
,crazy,5,,"(adjective,noun,idiom)",مجنون
,curve,5,,"(noun,verb,idiom)",منحنى
,designer,5,,"(noun,adjective)",مصمم
,dimension,5,,"(noun,verb)",البعد
,disaster,5,,(noun),كارثة
,distinct,5,,(adjective),متميز
,distribute,5,,(verb),توزيع
,dress,5,,"(noun,adjective,verb)",فستان
,ease,5,,"(noun,verb)",يُسَهّل
,eastern,5,,(adjective),شرقية
,editor,5,,(noun),محرر
,efficiency,5,,(noun),كفاءة
,emergency,5,,"(noun,adjective)",طارئ
,escape,5,,"(verb,noun,adjective)",يهرب
,evening,5,,"(noun,adjective)",مساء
,excitement,5,,(noun),الإثارة
,expose,5,,"(verb,idiom)",يفضح
,extension,5,,"(noun,adjective)",امتداد
,extent,5,,(noun),حد
,farm,5,,"(noun,verb,idiom)",مزرعة
,,5,,(noun),#VALUE!
,fight,5,,"(noun,verb)",يعارك
,gap,5,,"(noun,verb)",فجوة
,gather,5,,"(verb,noun,idiom)",يجتمع
,grade,5,,"(noun,verb)",درجة
,guitar,5,,(noun),غيتار
,hate,5,,"(verb,noun)",يكره
,holiday,5,,"(noun,adjective,verb)",عطلة
,homework,5,,(noun),العمل في المنزل
,horror,5,,"(noun,adjective)",رعب
,horse,5,,"(noun,verb,adjective,idiom)",حصان
,host,5,,"(noun,verb)",يستضيف
,husband,5,,"(noun,verb)",زوج
,leader,5,,(noun),قائد
,loan,5,,"(noun,verb,idiom)",يُقرض
,logical,5,,(adjective),منطقي
,mistake,5,,"(noun,verb,idiom)",خطأ
,mom,5,,(noun),أم
,mountain,5,,"(noun,adjective,idiom)",جبل
,nail,5,,"(noun,verb,idiom)",مسمار
,noise,5,,"(noun,verb)",ضوضاء
,none,5,,"(pronoun,adverb,adjective)",لا أحد
,occasion,5,,"(noun,verb,idiom)",مناسبة
,outcome,5,,(noun),حصيلة
,overcome,5,,(verb),يغلب
,owe,5,,(verb),يدين
,package,5,,"(noun,verb)",طَرد
,patient,5,,"(noun,adjective)",مريض
,pause,5,,"(noun,verb,idiom)",يوقف
,permission,5,,(noun),إذن
,phrase,5,,"(noun,verb)",عبارة
,presentation,5,,(noun),عرض تقديمي
,prior,5,,"(adjective,noun,idiom)",قبل
,promotion,5,,(noun),ترقية
,proof,5,,"(noun,adjective,verb)",دليل
,race,5,,"(noun,verb)",سباق
,reasonable,5,,(adjective),معقول
,reflection,5,,(noun),انعكاس
,refrigerator,5,,(noun),ثلاجة
,relief,5,,"(noun,idiom)",اِرتِياح
,repair,5,,"(verb,noun)",بصلح
,resolution,5,,(noun),دقة
,revenue,5,,(noun),ربح
,rough,5,,"(adjective,noun,adverb,verb)",خشن
,sad,5,,"(adjective,noun)",حزين
,sand,5,,"(noun,verb,idiom)",رمل
,scratch,5,,"(verb,noun,adjective,idiom)",يخدش
,sentence,5,,"(noun,verb)",جملة
,session,5,,(noun),حصة
,shoulder,5,,"(noun,verb,idiom)",كتف
,sick,5,,"(adjective,noun,idiom)",مريض
,singer,5,,(noun),مغني
,smoke,5,,"(noun,verb,idiom)",دخان
,stomach,5,,"(noun,verb)",معدة
,strange,5,,"(adjective,adverb)",غريب
,strict,5,,(adjective),حازم
,strike,5,,"(verb,noun,adjective,idiom)",يضرب
,string,5,,"(noun,verb,idiom)",خيط
,succeed,5,,(verb),تنجح
,successfully,5,,(adverb),بنجاح
,suddenly,5,,(adverb),فجأة
,suffer,5,,(verb),يعاني
,surprised,5,,"(past,verb)",متفاجئ
,tennis,5,,(noun),تنس
,throw,5,,(verb),يرمي
,tourist,5,,"(noun,adverb)",سائح
,towel,5,,"(noun,verb)",منشفة
,truly,5,,(adverb),حقا
,vacation,5,,"(noun,verb)",أجازة
,virtually,5,,(adverb),افتراضيًا
,west,5,,"(noun,adjective,adverb,idiom)",الغرب
,wheel,5,,"(noun,verb,idiom)",عجلة
,wine,5,,"(noun,adjective,verb,idiom)",خمر
,acquire,4,,(verb),يكتسب
,adapt,4,,(verb),يتكيف
,adjust,4,,(verb),يُعدِّل
,administrative,4,,(adjective),إداري
,altogether,4,,(adverb),تماما
,anyway,4,,(adverb),على أي حال
,argue,4,,(verb),يجادل
,arise,4,,(verb),تنشأ
,arm,4,,"(noun,verb)",ذراع
,aside,4,,"(noun,adverb)",جانبا
,associate,4,,"(noun,verb,adjective)",شريك
,automatic,4,,(adjective),تلقائي
,automatically,4,,(adverb),تلقائيا
,basket,4,,(noun),سلة
,bet,4,,"(noun,verb)",رهان
,blow,4,,"(noun,verb)",ينفخ
,bonus,4,,(noun),علاوة
,border,4,,"(noun,verb)",حدود
,branch,4,,"(noun,verb)",فرع
,breast,4,,"(noun,verb)",صدر
,brother,4,,"(noun,interjection)",أخ
,buddy,4,,"(noun,verb)",صاحب
,bunch,4,,"(noun,verb)",حزمة
,cabinet,4,,(noun),مجلس الوزراء
,childhood,4,,(noun),طفولة
,chip,4,,"(noun,verb)",رقاقة
,church,4,,(noun),كنيسة
,civil,4,,(adjective),مدني
,clothes,4,,(noun),ملابس
,coach,4,,"(noun,verb,adverb)",مدرب
,coffee,4,,(noun),قهوة
,confirm,4,,(verb),يتأكد
,cross,4,,"(noun,verb,adjective)",يعبر
,deeply,4,,(adverb),بعمق
,definitely,4,,(adverb),قطعاً
,deliberately,4,,(adverb),عمدًا
,dinner,4,,(noun),عشاء
,document,4,,"(noun,verb)",وثيقة
,draft,4,,"(noun,verb,adjective)",مسودة
,drawing,4,,(noun),رسم
,dust,4,,"(noun,verb)",تراب
,employ,4,,"(verb,noun)",توظيف
,encouraging,4,,(verb),مشجعة
,expert,4,,"(noun,adjective)",خبير
,external,4,,"(adjective,noun)",خارجي
,floor,4,,"(noun,verb)",أرضية
,former,4,,(adjective),سابق
,god,4,,"(noun,interjection)",إله
,golf,4,,"(noun,verb)",جولف
,habit,4,,"(noun,verb)",عادة
,hair,4,,(noun),شعر
,hardly,4,,(adverb),بالكاد
,hearing,4,,(noun),السمع
,hurt,4,,"(verb,noun)",يؤذي
,illegal,4,,"(adjective,noun)",غير قانوني
,incorporate,4,,(verb),أَدْخَل
,initiative,4,,(noun),مبادرة
,iron,4,,"(noun,verb)",حديد
,judge,4,,"(noun,verb)",يحكم على
,judgment,4,,(noun),الحكم
,justify,4,,(verb),يبرر
,knife,4,,"(noun,verb)",سكين
,lab,4,,(noun),مختبر
,landscape,4,,"(noun,verb)",منظر جمالي
,laugh,4,,"(verb,noun)",يضحك
,lay,4,,"(verb,noun,adjective)",يضع
,league,4,,"(noun,verb)",الدوري
,loud,4,,"(adjective,adverb)",عالي
,mail,4,,"(noun,verb)",بريد
,massive,4,,(adjective),جَسِيم
,measurement,4,,(noun),قياس
,mess,4,,"(noun,verb)",فوضى
,mobile,4,,"(adjective,noun)",متحرك
,mode,4,,(noun),وضع
,mud,4,,(noun),الطين
,nasty,4,,"(adjective,noun)",مقرف
,native,4,,"(noun,adjective)",محلي
,opening,4,,"(noun,adjective)",افتتاح
,orange,4,,(noun),البرتقالي
,ordinary,4,,"(adjective,noun)",عادي
,organize,4,,(verb),تنظم
,ought,4,,(verb),ينبغي
,parent,4,,"(noun,verb)",الوالدين
,pattern,4,,"(noun,verb)",نمط
,pin,4,,"(noun,verb)",دبوس
,poetry,4,,(noun),شِعر
,police,4,,(noun),شرطة
,pool,4,,"(noun,verb)",حمام سباحة
,possess,4,,(verb),يمتلك
,possibility,4,,(noun),إمكانية
,pound,4,,"(noun,verb)",جنيه
,procedure,4,,(noun),إجراء
,queen,4,,(noun),ملكة
,ratio,4,,(noun),نسبة
,readily,4,,(adverb),بسهولة
,relation,4,,(noun),علاقة
,relieve,4,,(verb),يخفّف
,request,4,,"(noun,verb)",طلب
,respond,4,,"(verb,noun)",يرد
,restaurant,4,,(noun),مطعم
,retain,4,,(verb),يحتفظ
,royal,4,,"(adjective,noun)",ملكي
,salary,4,,"(noun,verb)",مرتب
,satisfaction,4,,(noun),إشباع
,sector,4,,(noun),قطاع
,senior,4,,"(adjective,noun)",كبير
,shame,4,,"(noun,verb)",عار
,shelter,4,,"(noun,verb)",مَأوىً
,shoe,4,,"(noun,verb)",حذاء
,shut,4,,(verb),اغلق
,signature,4,,(noun),إمضاء
,significance,4,,(noun),دلالة
,silver,4,,"(noun,adjective,verb)",فضي
,somebody,4,,(pronoun),شخص ما
,song,4,,(noun),أغنية
,southern,4,,(adjective),جنوبي
,split,4,,"(verb,noun)",ينقسم
,strain,4,,"(verb,noun)",أَضْنَى
,struggle,4,,"(verb,noun)",كفاح
,super,4,,"(adjective,adverb,noun)",ممتاز
,swim,4,,"(verb,noun)",السباحة
,tackle,4,,"(noun,verb)",يتصدى
,tank,4,,"(noun,verb)",صهريج
,terribly,4,,(adverb),رهيب
,tight,4,,"(adjective,adverb)",ضيق
,tooth,4,,(noun),سن
,town,4,,(noun),بلدة
,train,4,,"(verb,noun)",يدرب
,trust,4,,"(noun,verb)",يثق
,unfair,4,,(adjective),غير عادل
,unfortunately,4,,(adverb),للأسف
,upper,4,,"(adjective,noun)",العلوي
,vehicle,4,,(noun),عربة
,visible,4,,(adjective),مرئي
,volume,4,,(noun),مقدار
,wash,4,,"(verb,noun)",غسل
,waste,4,,"(verb,adjective,noun)",يضيع
,wife,4,,(noun),زوجة
,yellow,4,,"(adjective,noun,verb)",أصفر
,yours,4,,(pronoun),لك
,accident,3,,(noun),حادثة
,airport,3,,(noun),مطار
,alive,3,,(adjective),على قيد الحياة
,angry,3,,(adjective),غاضب
,appointment,3,,(noun),ميعاد
,arrival,3,,(noun),وصول
,assist,3,,"(noun,verb)",يساعد
,assumption,3,,(noun),افتراض
,bake,3,,"(noun,verb)",خبز
,bar,3,,"(noun,verb,preposition)",حاجِز
,baseball,3,,(noun),البيسبول
,bell,3,,"(noun,verb)",جرس
,bike,3,,"(noun,verb)",دراجة
,blame,3,,"(noun,verb)",لوم
,boy,3,,"(noun,interjection)",ولد
,brick,3,,"(noun,verb)",لبنة
,calculate,3,,(verb),احسب
,chair,3,,"(noun,verb)",كرسي
,chapter,3,,(noun),الفصل
,closet,3,,"(noun,verb,adjective)",خزانة
,clue,3,,"(noun,verb)",فكرة
,collar,3,,"(noun,verb)",طوق
,comment,3,,"(noun,verb)",تعليق
,committee,3,,(noun),لجنة
,compete,3,,(verb),تنافس
,concerning,3,,(preposition),بخصوص
,conference,3,,"(noun,verb)",مؤتمر
,consult,3,,(verb),استشر
,conversation,3,,(noun),محادثة
,convert,3,,"(verb,noun)",يتحول
,crash,3,,"(verb,noun,adjective,adverb)",يتحطم
,database,3,,(noun),قاعدة البيانات
,deliver,3,,(verb),يسلم
,dependent,3,,"(adjective,noun)",متكل
,desperate,3,,(adjective),متحرّق إلى
,devil,3,,"(noun,verb)",شيطان
,diet,3,,"(noun,verb)",نظام عذائي
,enthusiasm,3,,(noun),حماس
,error,3,,(noun),خطأ
,exciting,3,,(adjective),مثير
,explanation,3,,(noun),توضيح
,extend,3,,(verb),يمتد
,farmer,3,,(noun),مزارع
,fear,3,,"(noun,verb)",يخاف
,fold,3,,"(verb,noun)",طية
,forth,3,,(adverb),إيابا
,friendly,3,,(adjective),ودي
,fuel,3,,"(noun,verb)",وقود
,funny,3,,"(adjective,noun)",مضحك
,gate,3,,(noun),بوابة
,girl,3,,(noun),بنت
,glove,3,,"(noun,verb)",قفاز
,grab,3,,"(verb,noun)",يمسك
,gross,3,,"(adjective,adverb,verb,noun)",إجمالي
,hall,3,,(noun),قاعة
,herself,3,,(pronoun),نفسها
,hide,3,,"(verb,noun)",يخفي
,historian,3,,(noun),مؤرخ
,hospital,3,,(noun),مستشفى
,ill,3,,"(adjective,adverb,noun)",سوف
,injury,3,,(noun),إصابة
,instruction,3,,(noun),تعليمات
,investigate,3,,(verb),يفتش
,jacket,3,,"(noun,verb)",سترة
,lucky,3,,(adjective),محظوظ
,lunch,3,,"(noun,verb)",غداء
,maintenance,3,,(noun),صيانة
,manufacturer,3,,(noun),الشركة المصنعة
,meal,3,,(noun),وجبة
,miss,3,,"(verb,noun)",يفتقد
,monitor,3,,"(noun,verb)",شاشة
,mortgage,3,,"(noun,verb)",القرض العقاري
,negotiate,3,,(verb),تفاوض
,nurse,3,,"(noun,verb)",ممرضة
,pace,3,,"(noun,verb,preposition)",خطوة
,panic,3,,"(noun,verb)",ذعر
,peak,3,,"(noun,verb,adjective)",قمة
,perception,3,,(noun),تصور
,permit,3,,"(verb,noun)",يسمح
,pie,3,,(noun),فطيرة
,plane,3,,"(noun,adjective,verb)",طائرة
,poem,3,,(noun),قصيدة
,presence,3,,(noun),حضور
,proposal,3,,(noun),عرض
,provided,3,,"(past,verb)",متاح
,qualify,3,,(verb),مؤهل
,quote,3,,"(verb,noun)",يقتبس
,realistic,3,,(adjective),حقيقي
,reception,3,,(noun),استقبال
,recover,3,,"(verb,noun)",يتعافى
,replacement,3,,(noun),استبدال
,resolve,3,,"(verb,noun)",حل
,retire,3,,(verb),التقاعد
,revolution,3,,(noun),ثورة
,reward,3,,"(noun,verb)",جائزة
,rid,3,,(verb),يتخلص
,river,3,,(noun),نهر
,roll,3,,"(verb,noun)",لفافة
,row,3,,"(noun,verb)",صف
,sandwich,3,,"(noun,verb)",شطيرة
,shock,3,,"(noun,verb)",صدمة
,sink,3,,"(verb,noun)",حوض
,slip,3,,"(verb,noun)",ينزلق
,son,3,,(noun),ابن
,sorry,3,,(adjective),آسف
,spare,3,,"(adjective,noun,verb)",إضافي
,speech,3,,(noun),خطاب
,spite,3,,"(noun,verb)",بالرغم من ذلك
,spray,3,,"(noun,verb)",رذاذ
,surprise,3,,"(noun,verb)",مفاجأة
,suspect,3,,"(verb,noun,adjective)",يشتبه
,sweet,3,,"(adjective,noun)",حلو
,swing,3,,"(verb,noun)",يتأرجح
,tea,3,,(noun),شاي
,till,3,,"(noun,verb)",حتى
,transition,3,,"(noun,verb)",انتقال
,twist,3,,"(verb,noun)",تطور
,ugly,3,,(adjective),قبيح
,unlikely,3,,(adjective),غير محتمل
,upstairs,3,,"(adjective,noun)",الطابق العلوي
,usual,3,,"(adjective,noun)",المعتاد
,village,3,,(noun),قرية
,warning,3,,(noun),تحذير
,weekend,3,,"(noun,verb)",عطلة نهاية الأسبوع
,weigh,3,,(verb),وزن
,welcome,3,,"(noun,interjection,verb,adjective)",مرحباً
,winner,3,,(noun),الفائز
,worker,3,,(noun),عامل
,writer,3,,(noun),الكاتب
,yard,3,,"(noun,verb)",ساحة
,abroad,2,,"(adverb,noun)",في الخارج
,alarm,2,,"(noun,verb)",إنذار
,anxious,2,,(adjective),قلق
,arrive,2,,(verb),يصل
,assistance,2,,(noun),مساعدة
,attach,2,,(verb),إرفاق
,behave,2,,(verb),تتصرف
,bend,2,,"(noun,verb)",يلوي
,bicycle,2,,"(noun,verb)",دراجة
,bite,2,,"(noun,verb)",يعض
,blind,2,,"(noun,verb,adjective,adverb)",أعمى
,bottle,2,,"(noun,verb)",زجاجة
,brave,2,,"(adjective,noun,verb)",شجاع
,breath,2,,(noun),يتنفس
,briefly,2,,(adverb),باختصار
,buyer,2,,(noun),المشتري
,cable,2,,"(noun,verb)",كابل
,calm,2,,"(adjective,noun,verb)",هادئ
,candle,2,,"(noun,verb)",شمعة
,celebrate,2,,(verb),احتفل
,chest,2,,(noun),صدر
,chocolate,2,,(noun),شوكولاتة
,clerk,2,,"(noun,verb)",موظف
,cloud,2,,"(noun,verb)",سحاب
,comprehensive,2,,(adjective),شامل
,concentrate,2,,"(verb,noun)",يركز
,concert,2,,"(noun,verb)",حفلة موسيقية
,conclusion,2,,(noun),خاتمة
,contribution,2,,(noun),مساهمة
,convince,2,,(verb),يقنع
,cookie,2,,(noun),ملف تعريف الارتباط
,counter,2,,"(noun,verb,adverb,adjective)",عداد
,courage,2,,(noun),شجاعة
,curious,2,,(adjective),فضولي
,dad,2,,(noun),أب
,desk,2,,(noun),مكتب
,dirty,2,,"(adjective,verb)",متسخ
,disagree,2,,(verb),لا أوافق
,downtown,2,,"(adjective,adverb,noun)",وسط البلد
,drawer,2,,(noun),درج
,establish,2,,(verb),يٌرسّخ
,establishment,2,,(noun),إنشاء
,estimate,2,,"(verb,noun)",تقدير
,examination,2,,(noun),فحص
,flower,2,,"(noun,verb)",ورد
,garbage,2,,(noun),قمامة
,grand,2,,"(adjective,noun)",كبير
,grandfather,2,,"(noun,verb)",جد
,grocery,2,,(noun),خضروات
,harm,2,,"(noun,verb)",ضرر
,honest,2,,"(adjective,adverb)",أمين
,honey,2,,(noun),عسل
,ignore,2,,(verb),يتجاهل
,imply,2,,(verb),ضمنا
,impression,2,,(noun),انطباع
,impressive,2,,(adjective),بديع
,improvement,2,,(noun),تحسين
,independence,2,,(noun),استقلال
,informal,2,,(adjective),غير رسمي
,inner,2,,(adjective),داخلي
,insect,2,,(noun),حشرة
,insist,2,,(verb),يصر
,inspection,2,,(noun),تقتيش
,inspector,2,,(noun),مفتش
,king,2,,(noun),ملِك
,knee,2,,"(noun,verb)",ركبة
,ladder,2,,(noun),سُلُّم
,lawyer,2,,"(noun,verb)",محامي
,leather,2,,"(noun,adjective,verb)",جلد
,load,2,,"(noun,verb)",حمولة
,loose,2,,"(adjective,verb)",مرتخي
,male,2,,"(adjective,noun)",ذكر
,menu,2,,(noun),قائمة طعام
,mine,2,,"(pronoun,noun,verb)",مِلكِي
,mirror,2,,"(noun,verb)",مرآة
,moreover,2,,(adverb),علاوة على ذلك
,neck,2,,"(noun,verb)",رقبة
,penalty,2,,(noun),جزاء
,pension,2,,"(noun,verb)",مَعاش
,piano,2,,(noun),بيانو
,plate,2,,"(noun,verb)",طبق
,pleasant,2,,(adjective),جَذّاب
,pleased,2,,"(past,verb)",مسرور
,potato,2,,(noun),البطاطس
,profession,2,,(noun),مهنة
,professor,2,,(noun),أستاذ
,prompt,2,,"(verb,noun,adjective)",اِسْتَدْعَى
,proposed,2,,"(past,verb)",مقترح
,purple,2,,"(noun,adjective,verb)",أرجواني
,pursue,2,,(verb),يتحرى
,quantity,2,,(noun),كمية
,quiet,2,,"(adjective,noun,verb)",هادئ
,reaction,2,,(noun),رد فعل
,refuse,2,,"(verb,noun)",رفض
,regret,2,,"(verb,noun)",يندم
,remaining,2,,(verb),متبقي
,requirement,2,,(noun),متطلبات
,reveal,2,,"(verb,noun)",يكشف
,ruin,2,,"(noun,verb)",يخرب
,rush,2,,"(verb,noun)",يسرع
,salad,2,,(noun),سلطة
,sexual,2,,(adjective),جنسي
,shake,2,,"(verb,noun)",هزة
,shift,2,,"(verb,noun)",يحول
,shine,2,,"(verb,noun)",يشرق
,ship,2,,"(noun,verb)",سفينة
,sister,2,,(noun),أخت
,skirt,2,,"(noun,verb)",جيبة
,slice,2,,"(noun,verb)",شريحة
,snow,2,,"(noun,verb)",ثلج
,specialist,2,,"(noun,adjective)",متخصص
,specify,2,,(verb),تحديد
,steal,2,,"(verb,noun)",يسرق
,stroke,2,,"(noun,verb)",سكتة دماغية
,strongly,2,,(adverb),بقوة
,suck,2,,"(verb,noun)",مص
,sudden,2,,(adjective),مفاجئ
,supermarket,2,,(noun),سوبر ماركت
,surround,2,,"(verb,noun)",محيط
,switch,2,,"(noun,verb)",يُحوّل
,terrible,2,,(adjective),رهيب
,tired,2,,"(past,verb)",مرهق
,tongue,2,,(noun),لسان
,trash,2,,"(noun,verb)",نفاية
,tune,2,,"(noun,verb)",لحن
,unable,2,,(adjective),غير قادر
,warn,2,,(verb),تحذير
,weak,2,,(adjective),ضعيف
,weakness,2,,(noun),ضعف
,wedding,2,,(noun),قِرَان
,wooden,2,,(adjective),خشبي
,worried,2,,"(past,verb)",قلق
,yeah,2,,"(adverb,interjection)",نعم
,zone,2,,"(noun,verb)",منطقة
,accuse,1,,(verb),يتهم
,admire,1,,(verb),يُعجَب ب
,admit,1,,(verb),يعترف
,adopt,1,,(verb),يتبنى
,affair,1,,(noun),شأن
,ambition,1,,(noun),طموح
,analyst,1,,(noun),المحلل
,anger,1,,"(noun,verb)",الغضب
,announce,1,,(verb),أعلن
,anybody,1,,"(pronoun,noun)",أي شخص
,apologize,1,,(verb),يعتذر
,apple,1,,(noun),تفاحة
,approve,1,,(verb),يعتمد
,asleep,1,,(adjective),نائما
,assignment,1,,(noun),تكليف
,assistant,1,,(noun),مساعد
,attend,1,,(verb),يحضر
,award,1,,"(noun,verb)",جائزة
,bathroom,1,,(noun),حمام
,bear,1,,"(verb,noun)",دُبٌّ
,bedroom,1,,(noun),غرفة نوم
,beer,1,,(noun),جعة
,belong,1,,(verb),ينتمي ل
,bid,1,,"(noun,verb)",مُنَاقَصَة
,birthday,1,,(noun),عيد ميلاد
,bitter,1,,"(noun,adjective)",مر
,boot,1,,"(noun,verb)",التمهيد
,brilliant,1,,"(adjective,noun)",باهِر
,bug,1,,"(noun,verb)",حشرة
,camp,1,,"(noun,verb,adjective)",مخيم
,candy,1,,"(noun,verb)",حلوى
,carpet,1,,"(noun,verb)",سجادة
,cat,1,,"(noun,verb)",قطة
,celebration,1,,(noun),احتفال
,champion,1,,"(noun,verb)",بطل
,championship,1,,(noun),بطولة
,channel,1,,"(noun,verb)",قناة
,cheek,1,,(noun),خدّ
,client,1,,(noun),عميل
,clock,1,,"(noun,verb)",ساعة
,comfort,1,,"(noun,verb)",راحة
,commit,1,,(verb),يقترف
,confident,1,,(adjective),واثق
,conscious,1,,(adjective),واعي
,consequence,1,,(noun),عاقبة
,cow,1,,"(noun,verb)",بقرة
,crack,1,,"(noun,verb,adjective)",كسر
,criticize,1,,(verb),انتقد
,dare,1,,"(verb,noun)",يجرؤ
,dear,1,,"(adjective,noun,adverb,interjection)",عزيزي
,decent,1,,(adjective),مقبول
,delay,1,,"(verb,noun)",تأخير
,departure,1,,(noun),رحيل
,deserve,1,,(verb),يستحق
,destroy,1,,(verb),تدمير
,diamond,1,,(noun),الماس
,dirt,1,,(noun),الأوساخ
,disappointed,1,,"(past,verb)",خائب الأمل
,drunk,1,,"(adjective,noun)",في حالة سكر
,ear,1,,(noun),أذن
,embarrassed,1,,(adjective),مُحرَج
,empty,1,,"(adjective,verb,noun)",فارغ
,engineer,1,,"(noun,verb)",مهندس
,entrance,1,,"(noun,verb)",مدخل
,fault,1,,"(noun,verb)",عيب
,female,1,,"(adjective,noun)",أنثى
,fortune,1,,(noun),حظ
,friendship,1,,(noun),الصداقة
,funeral,1,,(noun),جنازة
,gene,1,,(noun),الجين
,girlfriend,1,,(noun),صديقة
,grass,1,,"(noun,verb)",عشب
,guilty,1,,(adjective),مذنب
,guy,1,,"(noun,verb)",رجل
,hat,1,,(noun),قبعة
,hell,1,,"(noun,interjection)",جحيم
,hesitate,1,,(verb),يتردد
,highlight,1,,"(noun,verb)",تسليط الضوء
,honestly,1,,(adverb),بصدق
,hurry,1,,"(verb,noun)",عجل
,illustrate,1,,(verb),يوضح
,incident,1,,"(noun,adjective)",حادثة
,indication,1,,(noun),إشارة
,inevitable,1,,"(adjective,noun)",حتمي
,inform,1,,(verb),يخبر
,intention,1,,(noun),نيّة
,invite,1,,"(verb,noun)",يدعو
,island,1,,"(noun,verb)",جزيرة
,joke,1,,"(noun,verb)",نكتة
,jury,1,,"(noun,verb,adjective)",هيئة المحلفين
,kiss,1,,"(verb,noun)",قبلة
,lady,1,,(noun),سيدة
,leg,1,,"(noun,verb)",رجل
,lip,1,,"(noun,verb)",شفة
,lonely,1,,(adjective),وحيد
,mad,1,,(adjective),مجنون
,manufacturing,1,,(verb),تصنيع
,marry,1,,"(verb,interjection)",الزواج
,mate,1,,"(noun,verb)",رَفِيق
,midnight,1,,(noun),منتصف الليل
,motor,1,,"(noun,adjective,verb)",محرك
,neat,1,,"(adjective,noun)",مرتب
,negotiation,1,,(noun),التفاوض
,nerve,1,,"(noun,verb)",العصب
,nervous,1,,(adjective),متوتر
,nowhere,1,,"(adverb,pronoun,adjective)",في أي مكان
,obligation,1,,(noun),فرض
,odd,1,,(adjective),غريب
,ok,1,,"(adjective,adverb,noun,verb)",نعم
,passage,1,,"(noun,verb)",ممر
,passenger,1,,(noun),راكب
,pen,1,,"(noun,verb)",قلم
,persuade,1,,(verb),يقنع
,pizza,1,,(noun),بيتزا
,platform,1,,(noun),منصة
,poet,1,,(noun),شاعر
,pollution,1,,(noun),تلوث
,pop,1,,"(verb,noun,adverb,adjective)",موسيقى البوب
,pour,1,,(verb),صب
,pray,1,,"(verb,adverb)",يصلي
,pretend,1,,"(verb,adjective)",يدّعي
,previously,1,,(adverb),سابقًا
,pride,1,,"(noun,verb)",فخر
,priest,1,,"(noun,verb)",كاهن
,prize,1,,"(noun,adjective,verb)",جائزة
,promise,1,,"(noun,verb)",يعد
,propose,1,,(verb),اقتراح
,punch,1,,"(verb,noun)",لكمة
,quit,1,,"(verb,noun)",يترك
,recognition,1,,(noun),تعرُّف
,remarkable,1,,(adjective),مميز
,remind,1,,(verb),يتذكر
,reply,1,,"(verb,noun)",رد
,representative,1,,"(adjective,noun)",ممثل
,reputation,1,,(noun),سمعة
,resident,1,,"(noun,adjective)",مقيم
,resist,1,,"(verb,noun)",يقاوم
,resort,1,,"(noun,verb)",ملجأ
,ring,1,,"(noun,verb)",جرس
,rip,1,,"(verb,noun)",قطع
,roof,1,,"(noun,verb)",سَطح
,rope,1,,"(noun,verb)",حبل
,rub,1,,"(verb,noun)",فرك
,sail,1,,"(noun,verb)",الشراع
,scheme,1,,"(noun,verb)",مخطط
,script,1,,"(noun,verb)",البرنامج النصي
,shall,1,,(verb),سوف
,shirt,1,,(noun),قميص
,silly,1,,"(adjective,noun)",سخيف
,sir,1,,(noun),سيد
,slight,1,,"(adjective,verb,noun)",طفيف
,smart,1,,"(adjective,verb,noun)",ذكي
,smile,1,,"(verb,noun)",يبتسم
,sock,1,,"(noun,verb)",جورب
,speaker,1,,(noun),المتكلم
,spell,1,,"(verb,noun)",يتهجى
,station,1,,"(noun,verb)",محطة
,stranger,1,,(noun),غريب
,stretch,1,,"(verb,noun)",تمتد
,stupid,1,,"(adjective,noun)",غبي
,submit,1,,(verb),يُقدِّم
,substantial,1,,(adjective),جوهري
,suppose,1,,(verb),يفترض
,surgery,1,,(noun),جراحة
,suspicious,1,,(adjective),مثير للشك
,sympathy,1,,(noun),تعاطف
,tale,1,,(noun),حكاية
,tall,1,,(adjective),طويل
,tear,1,,"(verb,noun)",يٌقطِّع
,temporary,1,,"(adjective,noun)",مؤقت
,throat,1,,(noun),حُلقُوم
,tiny,1,,(adjective),صغير الحجم
,toe,1,,"(noun,verb)",اصبع القدم
,tomorrow,1,,"(adverb,noun)",غداً
,tower,1,,"(noun,verb)",برج
,trainer,1,,(noun),مدرب
,translate,1,,(verb),يترجم
,truck,1,,"(noun,verb)",شاحنة
,uncle,1,,(noun),عم
,wake,1,,"(verb,noun)",استيقظ
,weekly,1,,"(adjective,adverb,noun)",أسبوعي
,whoever,1,,(pronoun),من
,witness,1,,"(noun,verb)",شاهد
,wrap,1,,"(verb,noun)",طَوّق
,yesterday,1,,"(adverb,noun)",أمس
,youth,1,,(noun),شباب